0,0,0,0,300
1,0.000107176655369,-7.91862284609e-11,0.0001,299.986762442
2,0.000228706191145,-6.3348968174e-10,0.000214353522225,299.973060181
3,0.00036458794527,-2.13802685383e-09,0.000343059937734,299.958893236
4,0.000514821233611,-5.06791277663e-09,0.000486118595511,299.94426163
5,0.000679405349958,-9.8982602904e-09,0.000643528822459,299.929165383
6,0.00085833956603,-1.71041793115e-08,0.000815289923404,299.913604518
7,0.00105162313147,-2.71607761022e-08,0.0010014011811,299.897579058
8,0.00125925527384,-4.05431525392e-08,0.00120186185622,299.881089028
9,0.00148123519865,-5.7726405385e-08,0.00141667118736,299.864134452
10,0.00171756208932,-7.91856255539e-08,0.00164582839107,299.846715355
11,0.00196823510721,-1.05395897384e-07,0.00188933266178,299.828831763
12,0.00223325339162,-1.36832297905e-07,0.00214718317191,299.810483704
13,0.00251261605977,-1.73969896106e-07,0.00241937907176,299.791671205
14,0.00280632220683,-2.17283752209e-07,0.00270591948958,299.772394293
15,0.00311437090588,-2.67248916934e-07,0.00300680353156,299.752652998
16,0.00343676120797,-3.2434043077e-07,0.00332203028183,299.73244735
17,0.00377349214208,-3.89033323245e-07,0.00365159880243,299.711777379
18,0.00412456271511,-4.61802612192e-07,0.00399550813337,299.690643116
19,0.00448997191194,-5.43123303024e-07,0.00435375729257,299.669044592
20,0.00486971869535,-6.33470387998e-07,0.00472634527591,299.646981841
21,0.00526380200611,-7.33318845487e-07,0.00511327105721,299.624454895
22,0.00567222076289,-8.4314363925e-07,0.00551453358822,299.601463789
23,0.00609497386236,-9.63419717696e-07,0.00593013179866,299.578008557
24,0.00653206017911,-1.09462201316e-06,0.00636006459618,299.554089234
25,0.00698347856568,-1.23722544118e-06,0.00680433086637,299.529705857
26,0.00744922785258,-1.39170489973e-06,0.00726292947279,299.504858462
27,0.00792930684825,-1.55853526855e-06,0.00773585925694,299.479547087
28,0.00842371433913,-1.73819140836e-06,0.00822311903828,299.45377177
29,0.00893244908958,-1.93114816015e-06,0.00872470761422,299.42753255
30,0.00945550984195,-2.13788034446e-06,0.00924062376013,299.400829466
31,0.00999289531652,-2.35886276064e-06,0.00977086622934,299.37366256
32,0.0105446042116,-2.59457018611e-06,0.0103154337531,299.346031872
33,0.0111106352033,-2.84547737565e-06,0.0108743250408,299.317937443
34,0.011690986946,-3.11205906066e-06,0.0114475387795,299.289379317
35,0.0122856580718,-3.39478994843e-06,0.0120350736344,299.260357537
36,0.0128946471908,-3.69414472139e-06,0.0126369282488,299.230872146
37,0.0135179528911,-4.01059803642e-06,0.0132531012436,299.200923189
38,0.0141555737389,-4.34462452409e-06,0.0138835912181,299.170510712
39,0.0148075082783,-4.69669878795e-06,0.0145283967493,299.139634761
40,0.0154737550312,-5.06729540376e-06,0.0151875163923,299.108295381
41,0.0161543124978,-5.45688891883e-06,0.01586094868,299.076492622
42,0.0168491791561,-5.86595385122e-06,0.0165486921235,299.04422653
43,0.0175583534622,-6.29496468903e-06,0.0172507452117,299.011497156
44,0.0182818338499,-6.7443958897e-06,0.0179671064118,298.978304548
45,0.0190196187314,-7.21472187926e-06,0.0186977741685,298.944648757
46,0.0197717064966,-7.70641705159e-06,0.019442746905,298.910529835
47,0.0205380955136,-8.2199557677e-06,0.0202020230221,298.875947832
48,0.0213187841284,-8.755812355e-06,0.0209756008988,298.840902801
49,0.0221137706649,-9.31446110656e-06,0.0217634788921,298.805394796
50,0.0229230534252,-9.89637628043e-06,0.0225656553369,298.76942387
51,0.0237466306894,-1.05020320988e-05,0.0233821285461,298.732990078
52,0.0245845007154,-1.11319027474e-05,0.0242128968107,298.696093475
53,0.0254366617393,-1.17864623748e-05,0.0250579583997,298.658734118
54,0.0263031119752,-1.24661850913e-05,0.0259173115601,298.620912063
55,0.0271838496152,-1.31715449688e-05,0.0267909545168,298.582627367
56,0.0280788728294,-1.39030160397e-05,0.0276788854728,298.54388009
57,0.0289881797659,-1.46610722961e-05,0.0285811026093,298.504670288
58,0.0299117685509,-1.54461876892e-05,0.0294976040852,298.464998024
59,0.0308496372886,-1.62588361289e-05,0.0304283880375,298.424863355
60,0.0318017840613,-1.70994914823e-05,0.0313734525815,298.384266345
61,0.0327682069291,-1.79686275737e-05,0.0323327958103,298.343207053
62,0.0337489039305,-1.88667181836e-05,0.0333064157949,298.301685544
63,0.0347438730818,-1.97942370478e-05,0.0342943105847,298.259701879
64,0.0357531123773,-2.0751657857e-05,0.0352964782068,298.217256123
65,0.0367766197895,-2.17394542557e-05,0.0363129166665,298.174348341
66,0.037814393269,-2.27580998419e-05,0.0373436239472,298.130978597
67,0.0388664307443,-2.3808068166e-05,0.0383885980102,298.087146958
68,0.039932730122,-2.48898327302e-05,0.039447836795,298.04285349
69,0.0410132892868,-2.60038669881e-05,0.040521338219,297.998098261
70,0.0421081061014,-2.71506443431e-05,0.0416091001779,297.952881339
71,0.0432171784066,-2.83306381488e-05,0.0427111205451,297.907202793
72,0.0443405040214,-2.95443217073e-05,0.0438273971723,297.861062693
73,0.0454780807427,-3.07921682691e-05,0.0449579278894,297.814461107
74,0.0466299063455,-3.20746510321e-05,0.046102710504,297.767398109
75,0.0477959785829,-3.33922431409e-05,0.0472617428021,297.719873768
76,0.0489762951862,-3.4745417686e-05,0.0484350225477,297.671888159
77,0.0501708538647,-3.61346477034e-05,0.0496225474827,297.623441353
78,0.0513796523057,-3.75604061735e-05,0.0508243153272,297.574533424
79,0.0526026881748,-3.90231660204e-05,0.0520403237796,297.525164448
80,0.0538399591154,-4.05234001115e-05,0.053270570516,297.475334499
81,0.0550914627494,-4.20615812564e-05,0.0545150531909,297.425043653
82,0.0563571966765,-4.36381822065e-05,0.0557737694368,297.374291988
83,0.0576371584745,-4.52536756538e-05,0.0570467168643,297.323079579
84,0.0589313456996,-4.69085342308e-05,0.058333893062,297.271406506
85,0.0602397558858,-4.86032305093e-05,0.0596352955968,297.219272847
86,0.0615623865455,-5.03382369998e-05,0.0609509220136,297.166678682
87,0.062899235169,-5.21140261508e-05,0.0622807698355,297.11362409
88,0.0642502992248,-5.39310703481e-05,0.0636248365635,297.060109153
89,0.0656155761596,-5.57898419141e-05,0.064983119677,297.006133952
90,0.0669950633981,-5.76908131069e-05,0.0663556166334,296.95169857
91,0.0683887583433,-5.96344561197e-05,0.0677423248682,296.89680309
92,0.0697966583763,-6.16212430802e-05,0.0691432417952,296.841447595
93,0.0712187608562,-6.36516460495e-05,0.0705583648061,296.78563217
94,0.0726550631206,-6.57261370219e-05,0.0719876912709,296.7293569
95,0.0741055624848,-6.78451879235e-05,0.0734312185377,296.67262187
96,0.0755702562426,-7.00092706123e-05,0.0748889439328,296.615427168
97,0.0770491416658,-7.22188568767e-05,0.0763608647606,296.557772881
98,0.0785422160045,-7.44744184352e-05,0.0778469783036,296.499659096
99,0.080049476487,-7.67764269357e-05,0.0793472818227,296.441085903
100,0.0815709203194,-7.91253539545e-05,0.0808617725568,296.38205339
101,0.0831065446866,-8.15216709957e-05,0.0823904477228,296.322561649
102,0.0846563467511,-8.39658494907e-05,0.0839333045161,296.262610769
103,0.086220323654,-8.64583607971e-05,0.0854903401102,296.202200841
104,0.0877984725143,-8.89996761982e-05,0.0870615516566,296.14133196
105,0.0893907904295,-9.15902669023e-05,0.0886469362852,296.080004216
106,0.0909972744751,-9.42306040418e-05,0.0902464911039,296.018217705
107,0.0926179217047,-9.69211586727e-05,0.0918602131991,295.95597252
108,0.0942527291505,-9.96624017736e-05,0.0934880996351,295.893268756
109,0.0959016938226,-0.000102454804245,0.0951301474545,295.830106509
110,0.0975648127094,-0.00010529883691,0.0967863536783,295.766485875
111,0.0992420827775,-0.000108194970509,0.0984567153053,295.702406952
112,0.100933500972,-0.000111143675707,0.100141229313,295.637869838
113,0.102639064216,-0.000114145423084,0.101839892657,295.572874631
114,0.10435876941,-0.00011720068314,0.10355270227,295.50742143
115,0.106092613434,-0.000120309926294,0.105279655066,295.441510335
116,0.107840593147,-0.000123473622879,0.107020747933,295.375141448
117,0.109602705384,-0.000126692243147,0.108775977741,295.308314868
118,0.11137894696,-0.000129966257264,0.110545341336,295.2410307
119,0.113169314667,-0.000133296135311,0.112328835543,295.173289044
120,0.114973805275,-0.000136682347284,0.114126457165,295.105090006
121,0.116792415536,-0.00014012536309,0.115938202984,295.036433688
122,0.118625142175,-0.000143625652552,0.11776406976,294.967320196
123,0.120471981898,-0.000147183685403,0.11960405423,294.897749636
124,0.12233293139,-0.000150799931286,0.121458153111,294.827722113
125,0.124207987313,-0.000154474859757,0.123326363097,294.757237735
126,0.126097146308,-0.000158208940279,0.125208680862,294.68629661
127,0.128000404993,-0.000162002642228,0.127105103057,294.614898846
128,0.129917759965,-0.000165856434883,0.12901562631,294.543044551
129,0.131849207801,-0.000169770787436,0.13094024723,294.470733837
130,0.133794745055,-0.000173746168981,0.132878962402,294.397966813
131,0.135754368257,-0.000177783048522,0.134831768392,294.324743591
132,0.13772807392,-0.000181881894965,0.136798661742,294.251064282
133,0.139715858531,-0.000186043177124,0.138779638972,294.176929
134,0.141717718558,-0.000190267363715,0.140774696583,294.102337857
135,0.143733650447,-0.000194554923357,0.142783831052,294.027290967
136,0.145763650622,-0.000198906324572,0.144807038835,293.951788446
137,0.147807715485,-0.000203322035785,0.146844316366,293.875830409
138,0.149865841416,-0.000207802525321,0.148895660059,293.799416972
139,0.151938024774,-0.000212348261404,0.150961066303,293.722548251
140,0.154024261898,-0.000216959712161,0.15304053147,293.645224365
141,0.156124549102,-0.000221637345614,0.155134051906,293.567445431
142,0.158238882682,-0.000226381629686,0.157241623938,293.489211569
143,0.160367258908,-0.000231193032196,0.15936324387,293.410522898
144,0.162509674034,-0.000236072020862,0.161498907985,293.331379538
145,0.164666124287,-0.000241019063294,0.163648612545,293.251781611
146,0.166836605876,-0.000246034627002,0.16581235379,293.171729237
147,0.169021114987,-0.000251119179386,0.167990127937,293.091222541
148,0.171219647784,-0.000256273187745,0.170181931184,293.010261645
149,0.173432200411,-0.000261497119266,0.172387759705,292.928846672
150,0.175658768989,-0.000266791441031,0.174607609653,292.846977747
151,0.177899349618,-0.000272156620015,0.17684147716,292.764654996
152,0.180153938376,-0.000277593123081,0.179089358338,292.681878544
153,0.18242253132,-0.000283101416985,0.181351249274,292.598648518
154,0.184705124486,-0.00028868196837,0.183627146035,292.514965045
155,0.187001713887,-0.000294335243771,0.185917044667,292.430828254
156,0.189312295516,-0.000300061709608,0.188220941195,292.346238272
157,0.191636865343,-0.00030586183219,0.19053883162,292.26119523
158,0.193975419317,-0.000311736077713,0.192870711924,292.175699258
159,0.196327953366,-0.000317684912258,0.195216578066,292.089750486
160,0.198694463396,-0.000323708801791,0.197576425984,292.003349047
161,0.201074945292,-0.000329808212165,0.199950251595,291.916495071
162,0.203469394917,-0.000335983609114,0.202338050793,291.829188692
163,0.205877808113,-0.000342235458257,0.204739819452,291.741430044
164,0.208300180699,-0.000348564225094,0.207155553424,291.653219261
165,0.210736508476,-0.000354970375007,0.209585248539,291.564556477
166,0.213186787219,-0.00036145437326,0.212028900606,291.47544183
167,0.215651012685,-0.000368016684996,0.214486505412,291.385875454
168,0.218129180608,-0.000374657775239,0.216958058724,291.295857488
169,0.220621286701,-0.000381378108889,0.219443556287,291.205388068
170,0.223127326656,-0.000388178150728,0.221942993823,291.114467333
171,0.225647296142,-0.000395058365413,0.224456367033,291.023095423
172,0.228181190809,-0.000402019217477,0.226983671599,290.931272478
173,0.230729006282,-0.00040906117133,0.229524903178,290.838998637
174,0.233290738169,-0.000416184691259,0.232080057409,290.746274042
175,0.235866382054,-0.000423390241423,0.234649129907,290.653098836
176,0.238455933499,-0.000430678285854,0.237232116267,290.55947316
177,0.241059388046,-0.000438049288461,0.239829012061,290.465397158
178,0.243676741215,-0.000445503713022,0.242439812841,290.370870974
179,0.246307988505,-0.000453042023189,0.245064514138,290.275894753
180,0.248953125394,-0.000460664682482,0.247703111461,290.18046864
181,0.251612147338,-0.000468372154293,0.250355600297,290.084592782
182,0.254285049771,-0.000476164901886,0.253021976112,289.988267324
183,0.256971828106,-0.000484043388388,0.255702234351,289.891492415
184,0.259672477737,-0.000492008076801,0.258396370437,289.794268202
185,0.262386994032,-0.000500059429988,0.261104379773,289.696594835
186,0.265115372343,-0.000508197910683,0.263826257738,289.598472463
187,0.267857607996,-0.000516423981485,0.266561999694,289.499901237
188,0.270613696299,-0.000524738104856,0.269311600977,289.400881307
189,0.273383632537,-0.000533140743127,0.272075056904,289.301412824
190,0.276167411974,-0.000541632358488,0.274852362771,289.201495942
191,0.278965029853,-0.000550213412995,0.277643513851,289.101130813
192,0.281776481395,-0.000558884368566,0.280448505398,289.000317591
193,0.284601761801,-0.000567645686981,0.283267332643,288.89905643
194,0.28744086625,-0.00057649782988,0.286099990796,288.797347486
195,0.290293789899,-0.000585441258764,0.288946475047,288.695190913
196,0.293160527885,-0.000594476434992,0.291806780562,288.59258687
197,0.296041075322,-0.000603603819786,0.294680902488,288.489535511
198,0.298935427306,-0.000612823874221,0.29756883595,288.386036997
199,0.301843578909,-0.000622137059233,0.300470576052,288.282091484
200,0.304765525182,-0.000631543835613,0.303386117877,288.177699133
201,0.307701261155,-0.00064104466401,0.306315456486,288.072860103
202,0.310650781838,-0.000650640004925,0.309258586919,287.967574555
203,0.313614082218,-0.000660330318717,0.312215504195,287.861842649
204,0.316591157263,-0.000670116065597,0.315186203311,287.755664549
205,0.319582001917,-0.000679997705631,0.318170679245,287.649040416
206,0.322586611105,-0.000689975698734,0.321168926952,287.541970414
207,0.325604979731,-0.000700050504676,0.324180941365,287.434454707
208,0.328637102675,-0.000710222583077,0.327206717398,287.32649346
209,0.331682974799,-0.000720492393408,0.330246249942,287.218086838
210,0.334742590943,-0.000730860394989,0.333299533868,287.109235006
211,0.337815945924,-0.000741327046988,0.336366564025,286.999938133
212,0.340903034542,-0.000751892808424,0.339447335242,286.890196384
213,0.34400385157,-0.000762558138161,0.342541842325,286.78000993
214,0.347118391766,-0.00077332349491,0.345650080061,286.669378937
215,0.350246649863,-0.00078418933723,0.348772043214,286.558303576
216,0.353388620573,-0.000795156123524,0.351907726529,286.446784017
217,0.356544298589,-0.00080622431204,0.355057124728,286.33482043
218,0.359713678581,-0.00081739436087,0.358220232511,286.222412988
219,0.3628967552,-0.000828666727949,0.361397044561,286.109561862
220,0.366093523073,-0.000840041871055,0.364587555536,285.996267226
221,0.369303976808,-0.000851520247809,0.367791760074,285.882529253
222,0.372528110992,-0.000863102315671,0.371009652792,285.768348117
223,0.375765920191,-0.000874788531942,0.374241228287,285.653723993
224,0.379017398948,-0.000886579353765,0.377486481134,285.538657057
225,0.382282541787,-0.00089847523812,0.380745405887,285.423147485
226,0.38556134321,-0.000910476641825,0.384017997078,285.307195454
227,0.388853797699,-0.000922584021537,0.387304249219,285.190801142
228,0.392159899714,-0.000934797833749,0.390604156803,285.073964727
229,0.395479643695,-0.000947118534793,0.393917714297,284.956686389
230,0.398813024059,-0.000959546580831,0.397244916152,284.838966306
231,0.402160035205,-0.000972082427867,0.400585756795,284.72080466
232,0.405520671509,-0.000984726531732,0.403940230634,284.602201631
233,0.408894927325,-0.000997479348096,0.407308332053,284.483157402
234,0.41228279699,-0.00101034133246,0.410690055418,284.363672154
235,0.415684274816,-0.00102331294015,0.414085395074,284.243746071
236,0.419099355096,-0.00103639462635,0.417494345342,284.123379336
237,0.422528032101,-0.00104958684603,0.420916900526,284.002572134
238,0.425970300083,-0.00106289005403,0.424353054906,283.881324651
239,0.429426153272,-0.001076304705,0.427802802742,283.759637071
240,0.432895585876,-0.00108983125342,0.431266138275,283.637509582
241,0.436378592084,-0.0011034701536,0.434743055721,283.514942371
242,0.439875166062,-0.00111722185968,0.43823354928,283.391935625
243,0.443385301958,-0.00113108682563,0.441737613127,283.268489533
244,0.446908993897,-0.00114506550524,0.445255241418,283.144604285
245,0.450446235983,-0.00115915835211,0.448786428288,283.020280069
246,0.453997022301,-0.0011733658197,0.452331167852,282.895517078
247,0.457561346912,-0.00118768836125,0.455889454201,282.770315501
248,0.46113920386,-0.00120212642987,0.459461281409,282.644675532
249,0.464730587166,-0.00121668047845,0.463046643527,282.518597361
250,0.468335490831,-0.00123135095973,0.466645534585,282.392081184
251,0.471953908833,-0.00124613832626,0.470257948594,282.265127193
252,0.475585835133,-0.00126104303041,0.473883879542,282.137735584
253,0.479231263667,-0.00127606552437,0.477523321397,282.009906551
254,0.482890188355,-0.00129120626014,0.481176268108,281.88164029
255,0.486562603091,-0.00130646568957,0.4848427136,281.752936999
256,0.490248501753,-0.00132184426428,0.48852265178,281.623796874
257,0.493947878195,-0.00133734243575,0.492216076532,281.494220113
258,0.497660726252,-0.00135296065525,0.49592298172,281.364206916
259,0.501387039738,-0.00136869937388,0.49964336119,281.233757481
260,0.505126812445,-0.00138455904253,0.503377208762,281.102872008
261,0.508880038146,-0.00140054011195,0.50712451824,280.971550699
262,0.512646710592,-0.00141664303265,0.510885283405,280.839793754
263,0.516426823514,-0.00143286825498,0.514659498017,280.707601375
264,0.520220370623,-0.00144921622911,0.518447155817,280.574973765
265,0.524027345608,-0.00146568740501,0.522248250523,280.441911127
266,0.527847742138,-0.00148228223246,0.526062775835,280.308413666
267,0.531681553861,-0.00149900116104,0.52989072543,280.174481586
268,0.535528774406,-0.00151584464016,0.533732092966,280.040115093
269,0.539389397378,-0.00153281311903,0.537586872079,279.905314392
270,0.543263416365,-0.00154990704666,0.541455056386,279.77007969
271,0.547150824931,-0.00156712687188,0.545336639481,279.634411194
272,0.551051616623,-0.00158447304331,0.54923161494,279.498309113
273,0.554965784965,-0.0016019460094,0.553139976316,279.361773655
274,0.558893323461,-0.00161954621837,0.557061717144,279.22480503
275,0.562834225594,-0.00163727411828,0.560996830936,279.087403447
276,0.566788484828,-0.00165513015697,0.564945311184,278.949569118
277,0.570756094604,-0.00167311478209,0.568907151361,278.811302253
278,0.574737048345,-0.0016912284411,0.572882344917,278.672603064
279,0.578731339452,-0.00170947158125,0.576870885284,278.533471765
280,0.582738961305,-0.0017278446496,0.580872765871,278.393908569
281,0.586759907265,-0.001746348093,0.584887980068,278.253913689
282,0.590794170672,-0.00176498235811,0.588916521244,278.113487341
283,0.594841744845,-0.00178374789138,0.592958382749,277.972629739
284,0.598902623082,-0.00180264513906,0.597013557909,277.8313411
285,0.602976798663,-0.0018216745472,0.601082040032,277.689621641
286,0.607064264845,-0.00184083656166,0.605163822407,277.547471578
287,0.611165014865,-0.00186013162806,0.609258898298,277.40489113
288,0.615279041941,-0.00187956019184,0.613367260953,277.261880515
289,0.619406339269,-0.00189912269825,0.617488903598,277.118439953
290,0.623546900025,-0.0019188195923,0.621623819437,276.974569663
291,0.627700717365,-0.00193865131882,0.625772001655,276.830269867
292,0.631867784425,-0.00195861832241,0.629933443418,276.685540786
293,0.63604809432,-0.00197872104748,0.634108137868,276.540382641
294,0.640241640143,-0.00199895993823,0.63829607813,276.394795655
295,0.644448414971,-0.00201933543863,0.642497257307,276.248780051
296,0.648668411855,-0.00203984799247,0.646711668482,276.102336054
297,0.652901623831,-0.00206049804331,0.650939304718,275.955463889
298,0.657148043911,-0.00208128603451,0.655180159056,275.808163779
299,0.661407665088,-0.0021022124092,0.659434224518,275.660435952
300,0.665680480335,-0.00212327761031,0.663701494106,275.512280633
301,0.669966482604,-0.00214448208055,0.667981960802,275.36369805
302,0.674265664828,-0.00216582626243,0.672275617566,275.214688432
303,0.678578019917,-0.00218731059824,0.676582457338,275.065252005
304,0.682903540764,-0.00220893553003,0.680902473039,274.915389001
305,0.687242220241,-0.00223070149967,0.685235657569,274.765099648
306,0.691594051197,-0.00225260894879,0.689582003808,274.614384177
307,0.695959026464,-0.00227465831881,0.693941504615,274.46324282
308,0.700337138852,-0.00229685005094,0.698314152829,274.311675807
309,0.704728381152,-0.00231918458614,0.70269994127,274.159683372
310,0.709132746134,-0.00234166236519,0.707098862736,274.007265748
311,0.713550226548,-0.00236428382863,0.711510910006,273.854423168
312,0.717980815124,-0.00238704941677,0.715936075838,273.701155868
313,0.722424504571,-0.00240995956971,0.720374352971,273.547464081
314,0.726881287579,-0.00243301472734,0.724825734121,273.393348044
315,0.731351156817,-0.00245621532931,0.729290211988,273.238807993
316,0.735834104935,-0.00247956181503,0.733767779249,273.083844166
317,0.740330124562,-0.00250305462373,0.738258428562,272.9284568
318,0.744839208306,-0.00252669419438,0.742762152563,272.772646133
319,0.749361348757,-0.00255048096574,0.74727894387,272.616412405
320,0.753896538483,-0.00257441537633,0.75180879508,272.459755854
321,0.758444770034,-0.00259849786445,0.756351698771,272.302676722
322,0.763006035937,-0.00262272886818,0.760907647499,272.14517525
323,0.767580328702,-0.00264710882536,0.765476633801,271.987251678
324,0.772167640817,-0.0026716381736,0.770058650194,271.82890625
325,0.776767964751,-0.00269631735031,0.774653689175,271.670139208
326,0.781381292952,-0.00272114679262,0.779261743221,271.510950796
327,0.786007617849,-0.00274612693746,0.783882804787,271.351341257
328,0.790646931851,-0.00277125822153,0.788516866312,271.191310838
329,0.795299227346,-0.00279654108128,0.793163920211,271.030859783
330,0.799964496702,-0.00282197595295,0.797823958882,270.869988338
331,0.804642732269,-0.00284756327252,0.8024969747,270.708696751
332,0.809333926375,-0.00287330347575,0.807182960023,270.546985268
333,0.814038071329,-0.00289919699818,0.811881907188,270.384854139
334,0.818755159419,-0.00292524427507,0.81659380851,270.222303611
335,0.823485182915,-0.00295144574149,0.821318656288,270.059333934
336,0.828228134067,-0.00297780183225,0.826056442798,269.895945358
337,0.832984005102,-0.00300431298192,0.830807160297,269.732138134
338,0.83775278823,-0.00303097962485,0.835570801022,269.567912513
339,0.842534475641,-0.00305780219512,0.84034735719,269.403268747
340,0.847329059505,-0.0030847811266,0.845136821,269.238207089
341,0.85213653197,-0.00311191685291,0.849939184627,269.072727792
342,0.856956885168,-0.00313920980743,0.854754440231,268.906831109
343,0.861790111208,-0.00316666042328,0.859582579948,268.740517296
344,0.86663620218,-0.00319426913336,0.864423595896,268.573786608
345,0.871495150155,-0.00322203637032,0.869277480175,268.406639299
346,0.876366947184,-0.00324996256656,0.874144224862,268.239075628
347,0.881251585298,-0.00327804815425,0.879023822015,268.071095851
348,0.886149056508,-0.0033062935653,0.883916263674,267.902700225
349,0.891059352805,-0.00333469923137,0.888821541857,267.73388901
350,0.895982466161,-0.00336326558391,0.893739648564,267.564662463
351,0.900918388529,-0.00339199305407,0.898670575774,267.395020846
352,0.90586711184,-0.00342088207279,0.903614315446,267.224964417
353,0.910828628008,-0.00344993307074,0.908570859522,267.054493439
354,0.915802928925,-0.00347914647837,0.913540199921,266.883608172
355,0.920790006464,-0.00350852272584,0.918522328544,266.712308879
356,0.92578985248,-0.00353806224309,0.923517237271,266.540595823
357,0.930802458806,-0.0035677654598,0.928524917965,266.368469267
358,0.935827817257,-0.0035976328054,0.933545362466,266.195929475
359,0.940865919627,-0.00362766470905,0.938578562597,266.022976713
360,0.945916757692,-0.00365786159968,0.94362451016,265.849611245
361,0.950980323206,-0.00368822390597,0.948683196938,265.675833338
362,0.956056607908,-0.00371875205632,0.953754614694,265.501643257
363,0.961145603511,-0.00374944647889,0.95883875517,265.327041272
364,0.966247301715,-0.00378030760158,0.963935610092,265.152027649
365,0.971361694195,-0.00381133585204,0.969045171164,264.976602657
366,0.97648877261,-0.00384253165766,0.97416743007,264.800766565
367,0.981628528598,-0.00387389544558,0.979302378476,264.624519643
368,0.986780953777,-0.00390542764265,0.984450008027,264.447862162
369,0.991946039748,-0.0039371286755,0.98961031035,264.270794393
370,0.99712377809,-0.00396899897049,0.994783277051,264.093316607
371,1.00231416036,-0.0040010389537,0.999968899717,263.915429077
372,1.00751717811,-0.00403324905096,1.00516716992,263.737132075
373,1.01273282285,-0.00406562968786,1.0103780792,263.558425876
374,1.01796108608,-0.00409818128969,1.01560161909,263.379310754
375,1.0232019593,-0.00413090428151,1.0208377811,263.199786983
376,1.02845543395,-0.00416379908809,1.02608655672,263.01985484
377,1.03372150149,-0.00419686613396,1.03134793742,262.8395146
378,1.03900015334,-0.00423010584337,1.03662191465,262.658766539
379,1.04429138091,-0.00426351864029,1.04190847985,262.477610937
380,1.04959517558,-0.00429710494847,1.04720762442,262.296048069
381,1.05491152871,-0.00433086519134,1.05251933975,262.114078216
382,1.06024043167,-0.0043647997921,1.05784361723,261.931701656
383,1.06558187576,-0.00439890917367,1.06318044821,261.74891867
384,1.0709358523,-0.00443319375868,1.06852982402,261.565729537
385,1.07630235259,-0.00446765396954,1.07389173597,261.382134539
386,1.08168136788,-0.00450229022833,1.07926617537,261.198133958
387,1.08707288944,-0.00453710295691,1.08465313348,261.013728077
388,1.09247690849,-0.00457209257685,1.09005260158,260.828917177
389,1.09789341624,-0.00460725950943,1.09546457089,260.643701544
390,1.1033224039,-0.00464260417567,1.10088903264,260.45808146
391,1.10876386262,-0.00467812699634,1.10632597802,260.272057212
392,1.11421778357,-0.0047138283919,1.11177539822,260.085629084
393,1.11968415789,-0.00474970878256,1.1172372844,259.898797363
394,1.12516297668,-0.00478576858824,1.1227116277,259.711562336
395,1.13065423105,-0.00482200822859,1.12819841925,259.523924289
396,1.13615791207,-0.00485842812298,1.13369765014,259.335883511
397,1.14167401081,-0.00489502869051,1.13920931146,259.147440291
398,1.1472025183,-0.00493181035,1.14473339429,258.958594918
399,1.15274342557,-0.00496877351998,1.15026988966,258.769347681
400,1.15829672361,-0.00500591861872,1.15581878861,258.579698872
401,1.1638624034,-0.00504324606419,1.16138008213,258.38964878
402,1.16944045592,-0.0050807562741,1.16695376123,258.199197699
403,1.17503087211,-0.00511844966586,1.17253981687,258.00834592
404,1.18063364289,-0.00515632665661,1.17813824001,257.817093736
405,1.18624875917,-0.0051943876632,1.18374902157,257.625441441
406,1.19187621183,-0.00523263310221,1.18937215246,257.433389329
407,1.19751599175,-0.00527106338992,1.1950076236,257.240937695
408,1.20316808978,-0.00530967894234,1.20065542584,257.048086834
409,1.20883249674,-0.00534848017518,1.20631555004,256.854837043
410,1.21450920344,-0.00538746750388,1.21198798705,256.661188617
411,1.22019820069,-0.00542664134358,1.21767272768,256.467141854
412,1.22589947925,-0.00546600210914,1.22336976272,256.272697053
413,1.23161302988,-0.00550555021514,1.22907908297,256.077854511
414,1.23733884332,-0.00554528607585,1.23480067918,255.882614528
415,1.24307691028,-0.00558521010528,1.24053454209,255.686977403
416,1.24882722146,-0.00562532271712,1.24628066244,255.490943436
417,1.25458976754,-0.0056656243248,1.25203903091,255.29451293
418,1.26036453918,-0.00570611534143,1.25780963821,255.097686184
419,1.26615152702,-0.00574679617985,1.26359247499,254.900463502
420,1.27195072169,-0.00578766725261,1.26938753191,254.702845186
421,1.2777621138,-0.00582872897195,1.27519479959,254.504831539
422,1.28358569392,-0.00586998174982,1.28101426865,254.306422866
423,1.28942145262,-0.00591142599789,1.28684592967,254.10761947
424,1.29526938046,-0.00595306212753,1.29268977324,253.908421658
425,1.30112946796,-0.0059948905498,1.2985457899,253.708829735
426,1.30700170563,-0.00603691167549,1.30441397019,253.508844008
427,1.31288608396,-0.00607912591507,1.31029430463,253.308464782
428,1.31878259343,-0.00612153367872,1.31618678372,253.107692367
429,1.3246912245,-0.00616413537633,1.32209139793,252.90652707
430,1.33061196759,-0.00620693141749,1.32800813773,252.7049692
431,1.33654481313,-0.00624992221148,1.33393699356,252.503019067
432,1.34248975151,-0.0062931081673,1.33987795585,252.30067698
433,1.34844677312,-0.00633648969362,1.34583101499,252.097943251
434,1.35441586832,-0.00638006719884,1.35179616137,251.89481819
435,1.36039702745,-0.00642384109105,1.35777338537,251.691302109
436,1.36639024083,-0.00646781177801,1.36376267733,251.487395322
437,1.37239549877,-0.00651197966723,1.36976402758,251.28309814
438,1.37841279156,-0.00655634516587,1.37577742643,251.078410877
439,1.38444210947,-0.00660090868081,1.38180286418,250.873333848
440,1.39048344274,-0.00664567061861,1.38784033111,250.667867368
441,1.39653678162,-0.00669063138554,1.39388981746,250.462011752
442,1.40260211631,-0.00673579138756,1.39995131348,250.255767316
443,1.408679437,-0.00678115103032,1.40602480939,250.049134377
444,1.41476873388,-0.00682671071917,1.41211029538,249.842113251
445,1.4208699971,-0.00687247085913,1.41820776164,249.634704258
446,1.42698321681,-0.00691843185494,1.42431719834,249.426907715
447,1.43310838312,-0.00696459411102,1.43043859561,249.218723941
448,1.43924548614,-0.00701095803147,1.4365719436,249.010153256
449,1.44539451595,-0.00705752402011,1.44271723239,248.80119598
450,1.45155546261,-0.0071042924804,1.4488744521,248.591852435
451,1.45772831619,-0.00715126381554,1.45504359278,248.382122941
452,1.46391306669,-0.00719843842839,1.46122464449,248.17200782
453,1.47010970415,-0.00724581672149,1.46741759727,247.961507395
454,1.47631821855,-0.0072933990971,1.47362244113,247.75062199
455,1.48253859986,-0.00734118595713,1.47983916608,247.539351928
456,1.48877083804,-0.00738917770319,1.48606776209,247.327697533
457,1.49501492304,-0.00743737473658,1.49230821913,247.115659131
458,1.50127084476,-0.00748577745829,1.49856052713,246.903237046
459,1.50753859311,-0.00753438626896,1.50482467603,246.690431606
460,1.51381815798,-0.00758320156896,1.51110065574,246.477243137
461,1.52010952924,-0.0076322237583,1.51738845613,246.263671966
462,1.52641269672,-0.00768145323671,1.52368806709,246.049718421
463,1.53272765026,-0.00773089040356,1.52999947846,245.835382831
464,1.53905437966,-0.00778053565793,1.53632268008,245.620665525
465,1.54539287473,-0.00783038939858,1.54265766178,245.405566832
466,1.55174312524,-0.00788045202394,1.54900441333,245.190087083
467,1.55810512094,-0.00793072393211,1.55536292453,244.974226609
468,1.56447885157,-0.00798120552088,1.56173318514,244.757985741
469,1.57086430686,-0.00803189718773,1.5681151849,244.541364811
470,1.5772614765,-0.00808279932978,1.57450891354,244.324364152
471,1.58367035018,-0.00813391234387,1.58091436077,244.106984097
472,1.59009091757,-0.00818523662648,1.58733151627,243.88922498
473,1.59652316831,-0.00823677257379,1.59376036972,243.671087135
474,1.60296709204,-0.00828852058163,1.60020091077,243.452570897
475,1.60942267837,-0.00834048104553,1.60665312906,243.233676602
476,1.61588991689,-0.00839265436067,1.6131170142,243.014404585
477,1.62236879719,-0.00844504092192,1.6195925558,242.794755184
478,1.62885930881,-0.00849764112382,1.62607974344,242.574728736
479,1.6353614413,-0.00855045536057,1.63257856668,242.354325579
480,1.64187518419,-0.00860348402605,1.63908901506,242.13354605
481,1.64840052698,-0.0086567275138,1.64561107812,241.91239049
482,1.65493745915,-0.00871018621705,1.65214474537,241.690859238
483,1.66148597018,-0.00876386052868,1.6586900063,241.468952633
484,1.66804604951,-0.00881775084124,1.66524685038,241.246671018
485,1.67461768659,-0.00887185754696,1.67181526707,241.024014732
486,1.68120087083,-0.00892618103772,1.67839524581,240.800984118
487,1.68779559162,-0.00898072170508,1.68498677602,240.577579519
488,1.69440183835,-0.00903547994027,1.6915898471,240.353801277
489,1.70101960039,-0.00909045613417,1.69820444844,240.129649737
490,1.70764886706,-0.00914565067733,1.70483056942,239.905125242
491,1.71428962772,-0.00920106395997,1.71146819936,239.680228137
492,1.72094187165,-0.00925669637197,1.71811732762,239.454958768
493,1.72760558816,-0.00931254830287,1.72477794351,239.22931748
494,1.73428076652,-0.00936862014187,1.73145003631,239.00330462
495,1.74096739599,-0.00942491227784,1.73813359532,238.776920535
496,1.7476654658,-0.00948142509931,1.74482860979,238.550165573
497,1.75437496519,-0.00953815899448,1.75153506897,238.323040082
498,1.76109588334,-0.00959511435117,1.75825296208,238.095544411
499,1.76782820946,-0.00965229155691,1.76498227833,237.867678909
500,1.7745719327,-0.00970969099886,1.77172300692,237.639443926
501,1.78132704222,-0.00976731306384,1.77847513701,237.410839813
502,1.78809352716,-0.00982515813834,1.78523865777,237.18186692
503,1.79487137663,-0.00988322660849,1.79201355833,236.9525256
504,1.80166057973,-0.0099415188601,1.79879982781,236.722816204
505,1.80846112553,-0.0100000352786,1.80559745532,236.492739086
506,1.81527300312,-0.0100587762491,1.81240642995,236.262294598
507,1.82209620152,-0.0101177421564,1.81922674075,236.031483095
508,1.82893070978,-0.0101769333849,1.82605837679,235.800304931
509,1.8357765169,-0.0102363503186,1.8329013271,235.568760461
510,1.84263361188,-0.0102959933412,1.83975558068,235.336850041
511,1.84950198369,-0.0103558628363,1.84662112655,235.104574026
512,1.8563816213,-0.0104159591867,1.85349795369,234.871932774
513,1.86327251365,-0.0104762827751,1.86038605105,234.638926642
514,1.87017464965,-0.0105368339839,1.86728540758,234.405555988
515,1.87708801823,-0.0105976131951,1.87419601222,234.171821169
516,1.88401260827,-0.0106586207903,1.88111785388,233.937722546
517,1.89094840864,-0.0107198571506,1.88805092144,233.703260478
518,1.8978954082,-0.0107813226572,1.8949952038,233.468435324
519,1.9048535958,-0.0108430176905,1.9019506898,233.233247446
520,1.91182296024,-0.0109049426308,1.9089173683,232.997697204
521,1.91880349034,-0.0109670978578,1.91589522811,232.761784961
522,1.92579517488,-0.0110294837513,1.92288425805,232.525511078
523,1.93279800263,-0.0110921006902,1.9298844469,232.288875919
524,1.93981196235,-0.0111549490533,1.93689578345,232.051879847
525,1.94683704277,-0.0112180292192,1.94391825645,231.814523226
526,1.95387323261,-0.0112813415659,1.95095185463,231.576806421
527,1.96092052058,-0.0113448864712,1.95799656673,231.338729796
528,1.96797889535,-0.0114086643124,1.96505238145,231.100293718
529,1.97504834559,-0.0114726754665,1.97211928747,230.861498552
530,1.98212885996,-0.0115369203101,1.97919727346,230.622344666
531,1.98922042709,-0.0116013992197,1.98628632809,230.382832426
532,1.99632303559,-0.011666112571,1.99338643999,230.142962201
533,2.00343667407,-0.0117310607398,2.00049759778,229.902734358
534,2.0105613311,-0.0117962441011,2.00761979006,229.662149268
535,2.01769699525,-0.0118616630299,2.01475300542,229.421207299
536,2.02484365508,-0.0119273179006,2.02189723242,229.179908822
537,2.03200129911,-0.0119932090874,2.02905245963,228.938254206
538,2.03916991586,-0.0120593369639,2.03621867558,228.696243824
539,2.04634949382,-0.0121257019038,2.04339586878,228.453878047
540,2.05354002148,-0.0121923042798,2.05058402774,228.211157248
541,2.0607414873,-0.0122591444648,2.05778314093,227.968081798
542,2.06795387973,-0.012326222831,2.06499319684,227.724652072
543,2.07517718719,-0.0123935397504,2.07221418391,227.480868444
544,2.08241139811,-0.0124610955945,2.07944609057,227.236731287
545,2.08965650088,-0.0125288907346,2.08668890525,226.992240977
546,2.09691248388,-0.0125969255414,2.09394261633,226.747397889
547,2.10417933548,-0.0126652003854,2.10120721222,226.502202399
548,2.11145704401,-0.0127337156368,2.10848268126,226.256654885
549,2.11874559782,-0.0128024716652,2.11576901183,226.010755723
550,2.12604498521,-0.01287146884,2.12306619223,225.764505291
551,2.13335519448,-0.0129407075302,2.13037421081,225.517903967
552,2.14067621391,-0.0130101881044,2.13769305585,225.27095213
553,2.14800803177,-0.0130799109309,2.14502271563,225.023650159
554,2.1553506363,-0.0131498763775,2.15236317843,224.775998435
555,2.16270401573,-0.0132200848117,2.1597144325,224.527997337
556,2.17006815828,-0.0132905366006,2.16707646606,224.279647246
557,2.17744305214,-0.013361232111,2.17444926735,224.030948544
558,2.1848286855,-0.0134321717092,2.18183282454,223.781901614
559,2.19222504651,-0.0135033557613,2.18922712584,223.532506837
560,2.19963212333,-0.0135747846328,2.19663215941,223.282764596
561,2.20704990409,-0.0136464586891,2.20404791339,223.032675276
562,2.21447837689,-0.013718378295,2.21147437593,222.78223926
563,2.22191752985,-0.0137905438149,2.21891153514,222.531456934
564,2.22936735104,-0.013862955613,2.22635937912,222.280328681
565,2.23682782852,-0.0139356140529,2.23381789595,222.028854889
566,2.24429895036,-0.0140085194982,2.24128707372,221.777035943
567,2.25178070457,-0.0140816723117,2.24876690046,221.524872231
568,2.25927307917,-0.014155072856,2.25625736421,221.272364139
569,2.26677606217,-0.0142287214934,2.26375845299,221.019512055
570,2.27428964155,-0.0143026185856,2.27127015481,220.766316368
571,2.28181380528,-0.0143767644942,2.27879245766,220.512777467
572,2.2893485413,-0.0144511595801,2.28632534949,220.258895742
573,2.29689383755,-0.0145258042041,2.29386881827,220.004671581
574,2.30444968196,-0.0146006987264,2.30142285193,219.750105376
575,2.31201606242,-0.014675843507,2.3089874384,219.495197519
576,2.31959296681,-0.0147512389055,2.31656256558,219.239948399
577,2.32718038302,-0.0148268852808,2.32414822136,218.98435841
578,2.33477829889,-0.0149027829919,2.33174439361,218.728427945
579,2.34238670225,-0.014978932397,2.33935107018,218.472157395
580,2.35000558094,-0.0150553338542,2.34696823893,218.215547156
581,2.35763492276,-0.015131987721,2.35459588767,217.958597621
582,2.36527471549,-0.0152088943547,2.3622340042,217.701309184
583,2.37292494691,-0.0152860541121,2.36988257633,217.443682242
584,2.38058560478,-0.0153634673495,2.37754159183,217.18571719
585,2.38825667684,-0.0154411344231,2.38521103846,216.927414424
586,2.39593815081,-0.0155190556885,2.39289090396,216.668774341
587,2.4036300144,-0.0155972315009,2.40058117605,216.409797338
588,2.41133225531,-0.0156756622153,2.40828184246,216.150483814
589,2.41904486121,-0.015754348186,2.41599289088,215.890834166
590,2.42676781976,-0.0158332897672,2.42371430898,215.630848793
591,2.43450111861,-0.0159124873125,2.43144608443,215.370528095
592,2.44224474539,-0.0159919411753,2.43918820487,215.109872472
593,2.44999868771,-0.0160716517085,2.44694065795,214.848882325
594,2.45776293317,-0.0161516192645,2.45470343127,214.587558053
595,2.46553746935,-0.0162318441954,2.46247651243,214.325900059
596,2.47332228382,-0.0163123268531,2.47025988902,214.063908744
597,2.48111736413,-0.0163930675887,2.47805354861,213.801584512
598,2.4889226978,-0.0164740667532,2.48585747875,213.538927765
599,2.49673827237,-0.0165553246972,2.49367166697,213.275938906
600,2.50456407533,-0.0166368417707,2.5014961008,213.012618339
601,2.51240009416,-0.0167186183236,2.50933076774,212.74896647
602,2.52024631635,-0.016800654705,2.51717565528,212.484983703
603,2.52810272935,-0.016882951264,2.5250307509,212.220670444
604,2.53596932059,-0.016965508349,2.53289604204,211.956027098
605,2.54384607751,-0.0170483263083,2.54077151616,211.691054073
606,2.5517329875,-0.0171314054894,2.54865716068,211.425751776
607,2.55963003797,-0.0172147462398,2.55655296301,211.160120613
608,2.56753721629,-0.0172983489064,2.56445891054,210.894160993
609,2.57545450982,-0.0173822138357,2.57237499066,210.627873325
610,2.5833819059,-0.0174663413737,2.58030119073,210.361258018
611,2.59131939188,-0.0175507318663,2.5882374981,210.094315482
612,2.59926695506,-0.0176353856587,2.59618390009,209.827046125
613,2.60722458275,-0.0177203030958,2.60414038404,209.55945036
614,2.61519226223,-0.0178054845221,2.61210693723,209.291528598
615,2.62316998076,-0.0178909302817,2.62008354695,209.023281249
616,2.63115772561,-0.0179766407183,2.62807020048,208.754708726
617,2.639155484,-0.0180626161751,2.63606688507,208.485811442
618,2.64716324316,-0.0181488569951,2.64407358796,208.21658981
619,2.65518099031,-0.0182353635207,2.65209029637,207.947044243
620,2.66320871262,-0.0183221360939,2.66011699752,207.677175155
621,2.67124639728,-0.0184091750564,2.66815367859,207.406982962
622,2.67929403145,-0.0184964807494,2.67620032676,207.136468078
623,2.68735160228,-0.0185840535137,2.6842569292,206.865630918
624,2.69541909689,-0.0186718936898,2.69232347306,206.5944719
625,2.70349650239,-0.0187600016176,2.70039994546,206.322991439
626,2.7115838059,-0.0188483776368,2.70848633353,206.051189953
627,2.7196809945,-0.0189370220864,2.71658262436,205.779067859
628,2.72778805524,-0.0190259353054,2.72468880504,205.506625576
629,2.7359049752,-0.0191151176319,2.73280486264,205.233863522
630,2.74403174141,-0.0192045694041,2.74093078422,204.960782115
631,2.75216834088,-0.0192942909593,2.74906655682,204.687381776
632,2.76031476064,-0.0193842826347,2.75721216746,204.413662925
633,2.76847098768,-0.0194745447669,2.76536760316,204.139625982
634,2.77663700896,-0.0195650776923,2.7735328509,203.865271369
635,2.78481281147,-0.0196558817467,2.78170789768,203.590599506
636,2.79299838214,-0.0197469572656,2.78989273044,203.315610815
637,2.80119370791,-0.0198383045839,2.79808733615,203.040305721
638,2.80939877571,-0.0199299240364,2.80629170174,202.764684644
639,2.81761357242,-0.020021815957,2.81450581413,202.488748009
640,2.82583808495,-0.0201139806797,2.82272966022,202.21249624
641,2.83407230016,-0.0202064185378,2.83096322691,201.935929761
642,2.84231620491,-0.0202991298642,2.83920650106,201.659048998
643,2.85056978605,-0.0203921149914,2.84745946954,201.381854374
644,2.85883303041,-0.0204853742515,2.85572211919,201.104346318
645,2.8671059248,-0.0205789079761,2.86399443684,200.826525254
646,2.87538845602,-0.0206727164966,2.87227640932,200.54839161
647,2.88368061085,-0.0207668001437,2.88056802341,200.269945812
648,2.89198237607,-0.0208611592478,2.8888692659,199.99118829
649,2.90029373843,-0.0209557941389,2.89718012356,199.712119471
650,2.90861468467,-0.0210507051465,2.90550058316,199.432739784
651,2.91694520152,-0.0211458925998,2.91383063143,199.153049658
652,2.92528527568,-0.0212413568274,2.92217025509,198.873049523
653,2.93363489385,-0.0213370981577,2.93051944086,198.59273981
654,2.94199404271,-0.0214331169185,2.93887817544,198.312120948
655,2.95036270894,-0.0215294134372,2.9472464455,198.031193369
656,2.95874087918,-0.0216259880407,2.95562423772,197.749957506
657,2.96712854006,-0.0217228410557,2.96401153874,197.468413789
658,2.97552567822,-0.0218199728083,2.97240833521,197.186562651
659,2.98393228026,-0.0219173836242,2.98081461375,196.904404526
660,2.99234833278,-0.0220150738287,2.98923036096,196.621939848
661,3.00077382234,-0.0221130437466,2.99765556344,196.339169049
662,3.00920873553,-0.0222112937023,3.00609020778,196.056092565
663,3.01765305888,-0.0223098240199,3.01453428053,195.772710831
664,3.02610677894,-0.0224086350229,3.02298776825,195.489024281
665,3.03456988222,-0.0225077270343,3.03145065746,195.205033353
666,3.04304235523,-0.022607100377,3.03992293471,194.920738482
667,3.05152418447,-0.0227067553732,3.04840458648,194.636140105
668,3.06001535641,-0.0228066923446,3.05689559928,194.351238659
669,3.06851585751,-0.0229069116127,3.06539595958,194.066034583
670,3.07702567423,-0.0230074134984,3.07390565384,193.780528314
671,3.085544793,-0.0231081983223,3.08242466852,193.494720291
672,3.09407320024,-0.0232092664045,3.09095299005,193.208610954
673,3.10261088236,-0.0233106180645,3.09949060485,192.922200742
674,3.11115782575,-0.0234122536217,3.10803749933,192.635490094
675,3.11971401678,-0.0235141733948,3.11659365988,192.348479453
676,3.12827944182,-0.0236163777021,3.12515907288,192.061169258
677,3.13685408722,-0.0237188668616,3.13373372468,191.773559951
678,3.14543793932,-0.0238216411906,3.14231760165,191.485651974
679,3.15403098443,-0.0239247010063,3.15091069011,191.19744577
680,3.16263320886,-0.0240280466253,3.15951297639,190.908941781
681,3.17124459891,-0.0241316783636,3.1681244468,190.620140451
682,3.17986514086,-0.024235596537,3.17674508762,190.331042224
683,3.18849482096,-0.0243398014607,3.18537488513,190.041647543
684,3.19713362547,-0.0244442934497,3.1940138256,189.751956853
685,3.20578154063,-0.0245490728182,3.20266189529,189.4619706
686,3.21443855265,-0.0246541398802,3.21131908041,189.171689229
687,3.22310464776,-0.0247594949492,3.21998536721,188.881113187
688,3.23177981213,-0.0248651383383,3.22866074188,188.590242919
689,3.24046403195,-0.0249710703601,3.23734519063,188.299078873
690,3.2491572934,-0.0250772913267,3.24603869962,188.007621496
691,3.25785958261,-0.02518380155,3.25474125503,187.715871236
692,3.26657088574,-0.025290601341,3.26345284301,187.423828542
693,3.2752911889,-0.0253976910108,3.2721734497,187.131493861
694,3.2840204782,-0.0255050708697,3.28090306122,186.838867644
695,3.29275873975,-0.0256127412276,3.28964166368,186.54595034
696,3.30150595963,-0.025720702394,3.29838924319,186.252742399
697,3.3102621239,-0.025828954678,3.30714578581,185.959244272
698,3.31902721863,-0.0259374983882,3.31591127763,185.66545641
699,3.32780122985,-0.0260463338327,3.3246857047,185.371379264
700,3.33658414359,-0.0261554613193,3.33346905305,185.077013285
701,3.34537594587,-0.0262648811551,3.34226130872,184.782358928
702,3.35417662269,-0.0263745936471,3.35106245772,184.487416643
703,3.36298616004,-0.0264845991015,3.35987248606,184.192186886
704,3.37180454389,-0.0265948978242,3.36869137971,183.896670108
705,3.3806317602,-0.0267054901208,3.37751912465,183.600866765
706,3.38946779492,-0.0268163762962,3.38635570685,183.30477731
707,3.39831263398,-0.0269275566549,3.39520111224,183.0084022
708,3.40716626329,-0.0270390315012,3.40405532676,182.711741888
709,3.41602866878,-0.0271508011385,3.41291833633,182.414796832
710,3.42489983632,-0.0272628658701,3.42179012685,182.117567488
711,3.43377975181,-0.0273752259987,3.43067068422,181.820054312
712,3.44266840109,-0.0274878818267,3.4395599943,181.522257762
713,3.45156577004,-0.0276008336558,3.44845804298,181.224178294
714,3.46047184447,-0.0277140817874,3.45736481609,180.925816368
715,3.46938661023,-0.0278276265225,3.46628029949,180.627172442
716,3.47831005312,-0.0279414681615,3.47520447898,180.328246975
717,3.48724215894,-0.0280556070043,3.48413734038,180.029040425
718,3.49618291347,-0.0281700433506,3.49307886949,179.729553254
719,3.5051323025,-0.0282847774994,3.50202905209,179.42978592
720,3.51409031177,-0.0283998097494,3.51098787396,179.129738886
721,3.52305692703,-0.0285151403988,3.51995532085,178.829412611
722,3.53203213402,-0.0286307697452,3.52893137851,178.528807558
723,3.54101591845,-0.0287466980859,3.53791603266,178.227924189
724,3.55000826603,-0.0288629257177,3.54690926903,177.926762965
725,3.55900916246,-0.0289794529369,3.55591107331,177.62532435
726,3.5680185934,-0.0290962800394,3.56492143121,177.323608806
727,3.57703654454,-0.0292134073207,3.57394032839,177.021616799
728,3.58606300151,-0.0293308350756,3.58296775053,176.719348791
729,3.59509794997,-0.0294485635987,3.59200368327,176.416805247
730,3.60414137553,-0.0295665931839,3.60104811226,176.113986633
731,3.61319326382,-0.0296849241249,3.61010102311,175.810893413
732,3.62225360043,-0.0298035567148,3.61916240145,175.507526054
733,3.63132237095,-0.0299224912461,3.62823223287,175.203885021
734,3.64039956097,-0.030041728011,3.63731050296,174.899970781
735,3.64948515603,-0.0301612673014,3.64639719729,174.595783802
736,3.65857914169,-0.0302811094083,3.65549230142,174.29132455
737,3.66768150348,-0.0304012546225,3.6645958009,173.986593495
738,3.67679222693,-0.0305217032344,3.67370768126,173.681591103
739,3.68591129755,-0.0306424555339,3.68282792803,173.376317844
740,3.69503870084,-0.0307635118102,3.69195652672,173.070774187
741,3.70417442228,-0.0308848723523,3.70109346282,172.764960601
742,3.71331844734,-0.0310065374487,3.71023872181,172.458877557
743,3.72247076149,-0.0311285073872,3.71939228916,172.152525525
744,3.73163135017,-0.0312507824555,3.72855415034,171.845904976
745,3.74080019881,-0.0313733629405,3.73772429078,171.53901638
746,3.74997729283,-0.0314962491287,3.74690269592,171.23186021
747,3.75916261765,-0.0316194413064,3.75608935118,170.924436938
748,3.76835615866,-0.0317429397591,3.76528424196,170.616747036
749,3.77755790123,-0.0318667447719,3.77448735365,170.308790977
750,3.78676783076,-0.0319908566295,3.78369867165,170.000569235
751,3.79598593258,-0.0321152756162,3.79291818132,169.692082282
752,3.80521219205,-0.0322400020157,3.802145868,169.383330594
753,3.8144465945,-0.0323650361112,3.81138171706,169.074314644
754,3.82368912525,-0.0324903781855,3.82062571381,168.765034908
755,3.8329397696,-0.0326160285209,3.82987784357,168.455491861
756,3.84219851286,-0.0327419873994,3.83913809166,168.145685978
757,3.8514653403,-0.0328682551021,3.84840644336,167.835617737
758,3.8607402372,-0.0329948319101,3.85768288395,167.525287612
759,3.87002318882,-0.0331217181038,3.86696739871,167.214696083
760,3.87931418039,-0.033248913963,3.87625997288,166.903843624
761,3.88861319716,-0.0333764197672,3.88556059172,166.592730715
762,3.89792022434,-0.0335042357955,3.89486924045,166.281357834
763,3.90723524714,-0.0336323623263,3.90418590428,165.969725459
764,3.91655825076,-0.0337607996377,3.91351056844,165.657834069
765,3.92588922039,-0.0338895480073,3.9228432181,165.345684144
766,3.93522814119,-0.034018607712,3.93218383846,165.033276163
767,3.94457499832,-0.0341479790285,3.94153241468,164.720610606
768,3.95392977694,-0.0342776622329,3.95088893192,164.407687954
769,3.96329246217,-0.0344076576008,3.96025337532,164.094508688
770,3.97266303915,-0.0345379654074,3.96962573001,163.781073289
771,3.98204149297,-0.0346685859275,3.97900598113,163.467382239
772,3.99142780875,-0.034799519435,3.98839411376,163.153436021
773,4.00082197156,-0.0349307662039,3.99779011302,162.839235116
774,4.01022396648,-0.0350623265073,4.00719396397,162.524780007
775,4.01963377857,-0.0351942006179,4.01660565171,162.210071179
776,4.02905139289,-0.035326388808,4.02602516128,161.895109114
777,4.03847679447,-0.0354588913495,4.03545247773,161.579894296
778,4.04790996834,-0.0355917085136,4.0448875861,161.264427211
779,4.05735089951,-0.0357248405711,4.05433047141,160.948708343
780,4.06679957299,-0.0358582877923,4.06378111868,160.632738177
781,4.07625597377,-0.0359920504472,4.0732395129,160.316517199
782,4.08572008682,-0.036126128805,4.08270563906,160.000045895
783,4.09519189712,-0.0362605231346,4.09217948214,159.683324751
784,4.10467138961,-0.0363952337045,4.1016610271,159.366354254
785,4.11415854924,-0.0365302607825,4.11115025889,159.049134892
786,4.12365336095,-0.036665604636,4.12064716245,158.731667152
787,4.13315580965,-0.036801265532,4.13015172272,158.413951521
788,4.14266588025,-0.036937243737,4.1396639246,158.095988489
789,4.15218355765,-0.0370735395168,4.14918375301,157.777778544
790,4.16170882673,-0.0372101531369,4.15871119283,157.459322174
791,4.17124167236,-0.0373470848623,4.16824622895,157.140619871
792,4.18078207941,-0.0374843349575,4.17778884623,156.821672122
793,4.19033003273,-0.0376219036866,4.18733902954,156.502479419
794,4.19988551714,-0.0377597913129,4.19689676372,156.183042253
795,4.20944851749,-0.0378979980995,4.20646203361,155.863361113
796,4.21901901859,-0.038036524309,4.21603482402,155.543436492
797,4.22859700523,-0.0381753702033,4.22561511977,155.223268882
798,4.23818246221,-0.038314536044,4.23520290566,154.902858774
799,4.24777537431,-0.0384540220922,4.24479816648,154.58220666
800,4.2573757263,-0.0385938286085,4.25440088701,154.261313035
801,4.26698350294,-0.0387339558528,4.264011052,153.94017839
802,4.27659868897,-0.0388744040848,4.27362864622,153.61880322
803,4.28622126912,-0.0390151735634,4.2832536544,153.297188019
804,4.29585122813,-0.0391562645475,4.29288606128,152.97533328
805,4.3054885507,-0.0392976772949,4.30252585158,152.653239499
806,4.31513322153,-0.0394394120633,4.31217301,152.330907171
807,4.32478522532,-0.0395814691098,4.32182752124,152.008336791
808,4.33444454673,-0.039723848691,4.33148936999,151.685528855
809,4.34411117044,-0.039866551063,4.34115854092,151.362483859
810,4.35378508111,-0.0400095764814,4.35083501869,151.0392023
811,4.36346626337,-0.0401529252014,4.36051878796,150.715684675
812,4.37315470186,-0.0402965974774,4.37020983337,150.39193148
813,4.3828503812,-0.0404405935638,4.37990813953,150.067943214
814,4.39255328601,-0.040584913714,4.38961369108,149.743720375
815,4.40226340087,-0.0407295581812,4.39932647262,149.41926346
816,4.41198071039,-0.0408745272181,4.40904646875,149.09457297
817,4.42170519914,-0.0410198210767,4.41877366404,148.769649401
818,4.43143685168,-0.0411654400086,4.42850804308,148.444493256
819,4.44117565257,-0.0413113842651,4.43824959042,148.119105032
820,4.45092158636,-0.0414576540966,4.44799829062,147.79348523
821,4.46067463757,-0.0416042497534,4.45775412821,147.467634351
822,4.47043479073,-0.0417511714851,4.46751708773,147.141552895
823,4.48020203036,-0.0418984195407,4.4772871537,146.815241364
824,4.48997634095,-0.042045994169,4.48706431061,146.48870026
825,4.49975770699,-0.0421938956179,4.49684854297,146.161930083
826,4.50954611297,-0.0423421241352,4.50663983527,145.834931338
827,4.51934154334,-0.0424906799679,4.51643817197,145.507704525
828,4.52914398257,-0.0426395633626,4.52624353755,145.180250149
829,4.53895341511,-0.0427887745655,4.53605591645,144.852568713
830,4.54876982539,-0.0429383138221,4.54587529311,144.524660719
831,4.55859319783,-0.0430881813775,4.55570165198,144.196526673
832,4.56842351685,-0.0432383774764,4.56553497746,143.868167079
833,4.57826076685,-0.0433889023627,4.57537525397,143.539582441
834,4.58810493223,-0.0435397562802,4.58522246591,143.210773265
835,4.59795599737,-0.0436909394718,4.59507659766,142.881740055
836,4.60781394663,-0.0438424521801,4.6049376336,142.552483319
837,4.61767876439,-0.0439942946471,4.61480555811,142.223003561
838,4.62755043499,-0.0441464671145,4.62468035553,141.893301289
839,4.63742894278,-0.0442989698233,4.63456201022,141.563377009
840,4.64731427207,-0.044451803014,4.6444505065,141.233231228
841,4.6572064072,-0.0446049669265,4.65434582871,140.902864454
842,4.66710533246,-0.0447584618006,4.66424796115,140.572277194
843,4.67701103216,-0.044912287875,4.67415688813,140.241469958
844,4.68692349059,-0.0450664453885,4.68407259394,139.910443253
845,4.69684269202,-0.0452209345788,4.69399506288,139.579197588
846,4.70676862072,-0.0453757556836,4.7039242792,139.247733472
847,4.71670126094,-0.0455309089398,4.71386022717,138.916051415
848,4.72664059694,-0.0456863945838,4.72380289104,138.584151927
849,4.73658661295,-0.0458422128516,4.73375225506,138.252035519
850,4.74653929319,-0.0459983639786,4.74370830345,137.919702699
851,4.75649862188,-0.0461548481998,4.75367102044,137.58715398
852,4.76646458322,-0.0463116657495,4.76364039023,137.254389873
853,4.77643716142,-0.0464688168617,4.77361639702,136.921410888
854,4.78641634065,-0.0466263017697,4.78359902502,136.588217539
855,4.79640210509,-0.0467841207065,4.79358825838,136.254810337
856,4.8063944389,-0.0469422739043,4.80358408129,135.921189794
857,4.81639332624,-0.047100761595,4.81358647791,135.587356425
858,4.82639875126,-0.04725958401,4.82359543237,135.25331074
859,4.83641069808,-0.04741874138,4.83361092883,134.919053256
860,4.84642915083,-0.0475782339353,4.84363295141,134.584584484
861,4.85645409363,-0.0477380619058,4.85366148422,134.249904939
862,4.86648551058,-0.0478982255207,4.86369651139,133.915015136
863,4.87652338577,-0.0480587250088,4.873738017,133.57991559
864,4.8865677033,-0.0482195605982,4.88378598514,133.244606816
865,4.89661844722,-0.0483807325167,4.8938403999,132.909089328
866,4.90667560162,-0.0485422409916,4.90390124535,132.573363644
867,4.91673915054,-0.0487040862494,4.91396850553,132.237430278
868,4.92680907802,-0.0488662685163,4.92404216451,131.901289748
869,4.93688536811,-0.0490287880181,4.93412220632,131.56494257
870,4.94696800483,-0.0491916449798,4.94420861499,131.228389261
871,4.95705697219,-0.0493548396259,4.95430137453,130.891630339
872,4.9671522542,-0.0495183721808,4.96440046897,130.554666322
873,4.97725383485,-0.0496822428678,4.9745058823,130.217497726
874,4.98736169814,-0.04984645191,4.9846175985,129.880125071
875,4.99747582804,-0.05001099953,4.99473560157,129.542548876
876,5.00759620851,-0.0501758859497,5.00485987546,129.204769658
877,5.01772282352,-0.0503411113907,5.01499040415,128.866787939
878,5.02785565701,-0.0505066760739,5.02512717158,128.528604236
879,5.03799469292,-0.0506725802198,5.0352701617,128.19021907
880,5.04813991517,-0.0508388240483,5.04541935843,127.851632961
881,5.0582913077,-0.0510054077787,5.05557474571,127.512846431
882,5.0684488544,-0.05117233163,5.06573630744,127.173859998
883,5.07861253918,-0.0513395958204,5.07590402752,126.834674185
884,5.08878234593,-0.051507200568,5.08607788986,126.495289513
885,5.09895825853,-0.0516751460898,5.09625787833,126.155706505
886,5.10914026086,-0.0518434326028,5.10644397682,125.81592568
887,5.11932833677,-0.0520120603231,5.11663616918,125.475947564
888,5.12952247011,-0.0521810294665,5.12683443928,125.135772676
889,5.13972264474,-0.0523503402483,5.13703877095,124.795401542
890,5.14992884449,-0.052519992883,5.14724914805,124.454834684
891,5.16014105318,-0.0526899875849,5.15746555439,124.114072626
892,5.17035925463,-0.0528603245675,5.1676879738,123.773115891
893,5.18058343265,-0.0530310040441,5.17791639008,123.431965003
894,5.19081357103,-0.053202026227,5.18815078704,123.090620488
895,5.20104965357,-0.0533733913285,5.19839114847,122.74908287
896,5.21129166403,-0.05354509956,5.20863745814,122.407352674
897,5.2215395862,-0.0537171511324,5.21888969984,122.065430425
898,5.23179340384,-0.0538895462564,5.22914785733,121.723316649
899,5.24205310069,-0.0540622851417,5.23941191435,121.381011872
900,5.2523186605,-0.0542353679979,5.24968185467,121.03851662
901,5.262590067,-0.0544087950338,5.259957662,120.69583142
902,5.27286730392,-0.0545825664577,5.27023932009,120.352956799
903,5.28315035498,-0.0547566824775,5.28052681265,120.009893283
904,5.29343920388,-0.0549311433004,5.29082012338,119.6666414
905,5.30373383433,-0.0551059491332,5.30111923599,119.323201679
906,5.31403423,-0.0552811001821,5.31142413418,118.979574646
907,5.32434037458,-0.0554565966529,5.32173480162,118.63576083
908,5.33465225175,-0.0556324387507,5.33205122198,118.291760759
909,5.34496984516,-0.0558086266801,5.34237337893,117.947574964
910,5.35529313847,-0.0559851606452,5.35270125614,117.603203972
911,5.36562211533,-0.0561620408496,5.36303483723,117.258648313
912,5.37595675937,-0.0563392674964,5.37337410587,116.913908517
913,5.38629705422,-0.056516840788,5.38371904566,116.568985114
914,5.39664298349,-0.0566947609264,5.39406964023,116.223878633
915,5.40699453081,-0.0568730281131,5.40442587321,115.878589607
916,5.41735167977,-0.0570516425489,5.41478772818,115.533118565
917,5.42771441397,-0.0572306044342,5.42515518874,115.187466039
918,5.43808271698,-0.0574099139689,5.43552823848,114.84163256
919,5.44845657239,-0.0575895713523,5.44590686098,114.495618659
920,5.45883596376,-0.057769576783,5.45629103981,114.14942487
921,5.46922087466,-0.0579499304594,5.46668075852,113.803051723
922,5.47961128863,-0.0581306325792,5.47707600067,113.456499752
923,5.49000718921,-0.0583116833395,5.4874767498,113.109769489
924,5.50040855995,-0.0584930829368,5.49788298945,112.762861468
925,5.51081538435,-0.0586748315674,5.50829470314,112.415776221
926,5.52122764595,-0.0588569294267,5.51871187439,112.068514283
927,5.53164532825,-0.0590393767098,5.52913448671,111.721076187
928,5.54206841475,-0.0592221736112,5.5395625236,111.373462467
929,5.55249688894,-0.0594053203247,5.54999596855,111.025673658
930,5.56293073431,-0.0595888170438,5.56043480504,110.677710295
931,5.57336993432,-0.0597726639613,5.57087901657,110.329572912
932,5.58381447246,-0.0599568612696,5.58132858658,109.981262045
933,5.59426433217,-0.0601414091604,5.59178349854,109.632778229
934,5.6047194969,-0.0603263078249,5.6022437359,109.284122
935,5.61517995011,-0.060511557454,5.61270928211,108.935293895
936,5.62564567522,-0.0606971582377,5.6231801206,108.586294449
937,5.63611665567,-0.0608831103656,5.63365623479,108.237124198
938,5.64659287486,-0.0610694140269,5.6441376081,107.887783681
939,5.65707431621,-0.0612560694101,5.65462422395,107.538273434
940,5.66756096312,-0.0614430767031,5.66511606574,107.188593994
941,5.67805279899,-0.0616304360935,5.67561311686,106.838745898
942,5.6885498072,-0.0618181477682,5.68611536069,106.488729686
943,5.69905197113,-0.0620062119135,5.69662278062,106.138545894
944,5.70955927414,-0.0621946287153,5.70713536001,105.788195062
945,5.72007169961,-0.0623833983589,5.71765308223,105.437677728
946,5.73058923089,-0.0625725210289,5.72817593063,105.086994431
947,5.74111185132,-0.0627619969097,5.73870388856,104.73614571
948,5.75163954424,-0.0629518261848,5.74923693936,104.385132104
949,5.76217229299,-0.0631420090375,5.75977506635,104.033954154
950,5.77271008088,-0.0633325456502,5.77031825286,103.682612398
951,5.78325289123,-0.063523436205,5.78086648221,103.331107378
952,5.79380070735,-0.0637146808834,5.79141973769,102.979439634
953,5.80435351254,-0.0639062798663,5.80197800262,102.627609706
954,5.81491129009,-0.0640982333341,5.81254126028,102.275618136
955,5.82547402329,-0.0642905414667,5.82310949396,101.923465464
956,5.83604169542,-0.0644832044434,5.83368268693,101.571152233
957,5.84661428973,-0.064676222443,5.84426082246,101.218678983
958,5.8571917895,-0.0648695956435,5.85484388381,100.866046256
959,5.86777417798,-0.0650633242228,5.86543185424,100.513254596
960,5.87836143842,-0.065257408358,5.87602471699,100.160304544
961,5.88895355405,-0.0654518482255,5.8866224553,99.8071966424
962,5.89955050811,-0.0656466440015,5.8972250524,99.4539314349
963,5.91015228382,-0.0658417958614,5.90783249151,99.1005094645
964,5.9207588644,-0.0660373039802,5.91844475585,98.7469312745
965,5.93137023305,-0.0662331685321,5.92906182863,98.3931974086
966,5.94198637299,-0.0664293896912,5.93968369305,98.0393084105
967,5.9526072674,-0.0666259676306,5.9503103323,97.6852648246
968,5.96323289948,-0.0668229025231,5.96094172957,97.331067195
969,5.9738632524,-0.0670201945408,5.97157786804,96.9767160665
970,5.98449830934,-0.0672178438555,5.98221873087,96.6222119838
971,5.99513805346,-0.0674158506381,5.99286430124,96.267555492
972,6.00578246792,-0.0676142150594,6.0035145623,95.9127471364
973,6.01643153587,-0.0678129372891,6.01416949719,95.5577874626
974,6.02708524046,-0.0680120174968,6.02482908907,95.2026770163
975,6.03774356482,-0.0682114558514,6.03549332107,94.8474163435
976,6.04840649209,-0.0684112525212,6.04616217631,94.4920059905
977,6.05907400538,-0.0686114076739,6.05683563791,94.1364465038
978,6.06974608782,-0.0688119214769,6.067513689,93.78073843
979,6.08042272251,-0.0690127940968,6.07819631267,93.4248823161
980,6.09110389255,-0.0692140256997,6.08888349202,93.0688787092
981,6.10178958104,-0.0694156164512,6.09957521016,92.7127281567
982,6.11247977107,-0.0696175665164,6.11027145016,92.3564312063
983,6.12317444571,-0.0698198760596,6.12097219511,91.9999884057
984,6.13387358805,-0.0700225452449,6.13167742806,91.643400303
985,6.14457718114,-0.0702255742356,6.1423871321,91.2866674466
986,6.15528520805,-0.0704289631945,6.15310129028,90.9297903849
987,6.16599765184,-0.0706327122839,6.16381988564,90.5727696666
988,6.17671449554,-0.0708368216655,6.17454290124,90.2156058408
989,6.18743572221,-0.0710412915004,6.18527032011,89.8582994565
990,6.19816131487,-0.0712461219492,6.19600212527,89.5008510632
991,6.20889125654,-0.071451313172,6.20673829976,89.1432612106
992,6.21962553026,-0.0716568653283,6.2174788266,88.7855304484
993,6.23036411903,-0.0718627785769,6.22822368878,88.4276593266
994,6.24110700586,-0.0720690530763,6.23897286932,88.0696483956
995,6.25185417374,-0.0722756889844,6.24972635121,87.7114982059
996,6.26260560568,-0.0724826864582,6.26048411745,87.3532093081
997,6.27336128466,-0.0726900456547,6.27124615101,86.9947822532
998,6.28412119366,-0.0728977667299,6.28201243487,86.6362175922
999,6.29488531565,-0.0731058498393,6.292782952,86.2775158766
1000,6.3056536336,-0.0733142951382,6.30355768538,85.9186776578
1001,6.31642613047,-0.0735231027809,6.31433661795,85.5597034877
1002,6.32720278922,-0.0737322729213,6.32511973266,85.2005939182
1003,6.33798359279,-0.0739418057129,6.33590701247,84.8413495015
1004,6.34876852413,-0.0741517013085,6.3466984403,84.4819707899
1005,6.35955756617,-0.0743619598602,6.35749399909,84.1224583362
1006,6.37035070184,-0.0745725815198,6.36829367177,83.762812693
1007,6.38114791406,-0.0747835664385,6.37909744126,83.4030344134
1008,6.39194918575,-0.0749949147667,6.38990529046,83.0431240506
1009,6.40275449982,-0.0752066266546,6.40071720228,82.683082158
1010,6.41356383917,-0.0754187022515,6.41153315963,82.3229092893
1011,6.4243771867,-0.0756311417064,6.42235314539,81.9626059983
1012,6.43519452531,-0.0758439451677,6.43317714246,81.6021728389
1013,6.44601583787,-0.076057112783,6.44400513372,81.2416103654
1014,6.45684110727,-0.0762706446996,6.45483710204,80.8809191323
1015,6.46767031637,-0.0764845410642,6.46567303028,80.5200996942
1016,6.47850344806,-0.0766988020229,6.47651290132,80.1591526058
1017,6.48934048518,-0.0769134277212,6.48735669801,79.7980784223
1018,6.5001814106,-0.077128418304,6.4982044032,79.4368776988
1019,6.51102620716,-0.0773437739158,6.50905599974,79.0755509907
1020,6.52187485771,-0.0775594947005,6.51991147046,78.7140988537
1021,6.53272734508,-0.0777755808014,6.5307707982,78.3525218435
1022,6.5435836521,-0.0779920323611,6.54163396578,77.9908205161
1023,6.55444376161,-0.0782088495218,6.55250095603,77.6289954278
1024,6.56530765641,-0.0784260324252,6.56337175176,77.2670471349
1025,6.57617531933,-0.0786435812122,6.57424633577,76.9049761939
1026,6.58704673317,-0.0788614960234,6.58512469088,76.5427831616
1027,6.59792188073,-0.0790797769987,6.59600679988,76.1804685951
1028,6.60880074482,-0.0792984242774,6.60689264555,75.8180330513
1029,6.61968330821,-0.0795174379984,6.6177822107,75.4554770876
1030,6.6305695537,-0.0797368182998,6.62867547809,75.0928012616
1031,6.64145946407,-0.0799565653193,6.6395724305,74.7300061308
1032,6.65235302209,-0.080176679194,6.6504730507,74.3670922533
1033,6.66325021052,-0.0803971600604,6.66137732145,74.004060187
1034,6.67415101214,-0.0806180080546,6.67228522552,73.6409104902
1035,6.68505540969,-0.0808392233119,6.68319674565,73.2776437213
1036,6.69596338593,-0.0810608059671,6.69411186458,72.9142604389
1037,6.70687492361,-0.0812827561546,6.70503056506,72.5507612018
1038,6.71779000546,-0.081505074008,6.71595282983,72.187146569
1039,6.72870861422,-0.0817277596604,6.72687864161,71.8234170996
1040,6.73963073262,-0.0819508132446,6.73780798312,71.4595733529
1041,6.75055634339,-0.0821742348924,6.74874083709,71.0956158885
1042,6.76148542924,-0.0823980247353,6.75967718623,70.7315452659
1043,6.77241797289,-0.0826221829042,6.77061701325,70.3673620451
1044,6.78335395704,-0.0828467095295,6.78156030084,70.003066786
1045,6.7942933644,-0.0830716047408,6.79250703171,69.6386600489
1046,6.80523617766,-0.0832968686673,6.80345718855,69.2741423941
1047,6.81618237953,-0.0835225014377,6.81441075405,68.9095143822
1048,6.82713195268,-0.0837485031799,6.82536771087,68.5447765738
1049,6.8380848798,-0.0839748740216,6.83632804171,68.1799295299
1050,6.84904114356,-0.0842016140895,6.84729172923,67.8149738114
1051,6.86000072663,-0.08442872351,6.8582587561,67.4499099797
1052,6.87096361169,-0.0846562024089,6.86922910497,67.0847385961
1053,6.8819297814,-0.0848840509114,6.88020275851,66.7194602221
1054,6.8928992184,-0.0851122691422,6.89117969936,66.3540754194
1055,6.90387190536,-0.0853408572252,6.90215991017,65.98858475
1056,6.91484782492,-0.0855698152841,6.91314337358,65.6229887759
1057,6.92582695971,-0.0857991434417,6.92413007221,65.2572880592
1058,6.93680929239,-0.0860288418203,6.93511998871,64.8914831624
1059,6.94779480557,-0.0862589105419,6.9461131057,64.5255746479
1060,6.95878348188,-0.0864893497275,6.9571094058,64.1595630786
1061,6.96977530396,-0.0867201594979,6.96810887161,63.7934490171
1062,6.9807702544,-0.0869513399731,6.97911148576,63.4272330265
1063,6.99176831584,-0.0871828912727,6.99011723085,63.06091567
1064,7.00276947087,-0.0874148135156,7.00112608948,62.6944975109
1065,7.01377370209,-0.0876471068201,7.01213804424,62.3279791127
1066,7.02478099211,-0.087879771304,7.02315307772,61.961361039
1067,7.03579132351,-0.0881128070847,7.03417117252,61.5946438536
1068,7.0468046789,-0.0883462142787,7.04519231121,61.2278281205
1069,7.05782104084,-0.0885799930021,7.05621647636,60.8609144036
1070,7.06884039192,-0.0888141433704,7.06724365056,60.4939032673
1071,7.07986271472,-0.0890486654987,7.07827381637,60.126795276
1072,7.0908879918,-0.0892835595012,7.08930695634,59.7595909942
1073,7.10191620573,-0.0895188254917,7.10034305305,59.3922909866
1074,7.11294733907,-0.0897544635835,7.11138208903,59.024895818
1075,7.12398137438,-0.0899904738892,7.12242404685,58.6574060535
1076,7.1350182942,-0.090226856521,7.13346890904,58.2898222581
1077,7.1460580811,-0.0904636115903,7.14451665815,57.9221449972
1078,7.1571007176,-0.090700739208,7.15556727671,57.5543748361
1079,7.16814618626,-0.0909382394846,7.16662074725,57.1865123405
1080,7.1791944696,-0.0911761125297,7.1776770523,56.818558076
1081,7.19024555015,-0.0914143584527,7.18873617438,56.4505126086
1082,7.20129941045,-0.0916529773622,7.19979809601,56.0823765041
1083,7.212356033,-0.0918919693662,7.21086279971,55.7141503287
1084,7.22341540033,-0.0921313345722,7.22193026797,55.3458346488
1085,7.23447749496,-0.0923710730872,7.23300048331,54.9774300307
1086,7.24554229939,-0.0926111850175,7.24407342822,54.6089370409
1087,7.25660979612,-0.0928516704689,7.25514908521,54.2403562462
1088,7.26767996766,-0.0930925295465,7.26622743677,53.8716882134
1089,7.2787527965,-0.0933337623551,7.27730846538,53.5029335094
1090,7.28982826514,-0.0935753689986,7.28839215352,53.1340927014
1091,7.30090635606,-0.0938173495805,7.29947848369,52.7651663565
1092,7.31198705175,-0.0940597042037,7.31056743835,52.3961550421
1093,7.32307033469,-0.0943024329705,7.32165899997,52.0270593257
1094,7.33415618735,-0.0945455359827,7.33275315102,51.657879775
1095,7.34524459221,-0.0947890133415,7.34384987397,51.2886169576
1096,7.35633553174,-0.0950328651475,7.35494915128,50.9192714415
1097,7.3674289884,-0.0952770915006,7.3660509654,50.5498437947
1098,7.37852494465,-0.0955216925003,7.37715529878,50.1803345852
1099,7.38962338294,-0.0957666682455,7.38826213387,49.8107443814
1100,7.40072428574,-0.0960120188345,7.39937145312,49.4410737517
1101,7.41182763548,-0.096257744365,7.41048323896,49.0713232645
1102,7.42293341463,-0.0965038449341,7.42159747384,48.7014934885
1103,7.43404160561,-0.0967503206383,7.43271414018,48.3315849924
1104,7.44515219086,-0.0969971715738,7.44383322041,47.9615983452
1105,7.45626515283,-0.0972443978358,7.45495469696,47.5915341158
1106,7.46738047393,-0.0974919995192,7.46607855224,47.2213928733
1107,7.47849813661,-0.0977399767183,7.47720476869,46.8511751871
1108,7.48961812327,-0.0979883295267,7.4883333287,46.4808816263
1109,7.50074041635,-0.0982370580375,7.4994642147,46.1105127607
1110,7.51186499825,-0.0984861623433,7.51059740908,45.7400691596
1111,7.52299185139,-0.098735642536,7.52173289426,45.3695513928
1112,7.53412095819,-0.0989854987069,7.53287065262,44.9989600303
1113,7.54525230104,-0.0992357309468,7.54401066657,44.6282956417
1114,7.55638586234,-0.099486339346,7.5551529185,44.2575587974
1115,7.5675216245,-0.099737323994,7.5662973908,43.8867500673
1116,7.57865956992,-0.0999886849799,7.57744406585,43.5158700218
1117,7.58979968098,-0.100240422392,7.58859292604,43.1449192313
1118,7.60094194007,-0.100492536319,7.59974395374,42.7738982662
1119,7.61208632959,-0.100745026847,7.61089713133,42.4028076972
1120,7.6232328319,-0.100997894063,7.62205244119,42.031648095
1121,7.6343814294,-0.101251138054,7.63320986567,41.6604200304
1122,7.64553210445,-0.101504758905,7.64436938716,41.2891240743
1123,7.65668483943,-0.101758756701,7.655530988,40.9177607977
1124,7.66783961671,-0.102013131527,7.66669465056,40.5463307718
1125,7.67899641866,-0.102267883465,7.67786035719,40.1748345678
1126,7.69015522763,-0.102523012601,7.68902809025,39.8032727571
1127,7.70131602599,-0.102778519015,7.70019783209,39.4316459111
1128,7.7124787961,-0.103034402791,7.71136956505,39.0599546014
1129,7.72364352031,-0.103290664009,7.72254327147,38.6881993996
1130,7.73481018097,-0.103547302752,7.73371893371,38.3163808773
1131,7.74597876043,-0.103804319098,7.74489653408,37.9444996066
1132,7.75714924104,-0.104061713128,7.75607605494,37.5725561593
1133,7.76832160512,-0.104319484921,7.7672574786,37.2005511074
1134,7.77949583504,-0.104577634556,7.7784407874,36.8284850231
1135,7.79067191312,-0.104836162111,7.78962596366,36.4563584786
1136,7.80184982169,-0.105095067663,7.80081298971,36.0841720463
1137,7.81302954309,-0.105354351288,7.81200184787,35.7119262985
1138,7.82421105965,-0.105614013064,7.82319252044,35.3396218077
1139,7.83539435368,-0.105874053066,7.83438498976,34.9672591466
1140,7.84657940752,-0.106134471369,7.84557923811,34.5948388878
1141,7.85776620348,-0.106395268048,7.85677524783,34.2223616041
1142,7.86895472388,-0.106656443176,7.8679730012,33.8498278684
1143,7.88014495103,-0.106917996827,7.87917248054,33.4772382536
1144,7.89133686725,-0.107179929074,7.89037366815,33.1045933327
1145,7.90253045485,-0.107442239989,7.90157654631,32.7318936789
1146,7.91372569612,-0.107704929643,7.91278109733,32.3591398655
1147,7.92492257339,-0.107967998108,7.9239873035,31.9863324656
1148,7.93612106894,-0.108231445454,7.93519514711,31.6134720527
1149,7.94732116507,-0.108495271751,7.94640461045,31.2405592002
1150,7.95852284409,-0.108759477069,7.9576156758,30.8675944816
1151,7.96972608829,-0.109024061475,7.96882832544,30.4945784707
1152,7.98093087995,-0.109289025038,7.98004254165,30.121511741
1153,7.99213720138,-0.109554367826,7.99125830672,29.7483948664
1154,8.00334503485,-0.109820089906,8.00247560291,29.3752284208
1155,8.01455436265,-0.110086191343,8.0136944125,29.002012978
1156,8.02576516707,-0.110352672205,8.02491471775,28.628749112
1157,8.03697743037,-0.110619532555,8.03613650095,28.2554373971
1158,8.04819113485,-0.110886772459,8.04735974434,27.8820784073
1159,8.05940626278,-0.11115439198,8.0585844302,27.5086727168
1160,8.07062279643,-0.111422391183,8.06981054079,27.1352209
1161,8.08184071807,-0.11169077013,8.08103805836,26.7617235313
1162,8.09306000997,-0.111959528883,8.09226696517,26.388181185
1163,8.10428065439,-0.112228667504,8.10349724348,26.0145944358
1164,8.11550263362,-0.112498186054,8.11472887553,25.6409638582
1165,8.12672592989,-0.112768084593,8.12596184359,25.2672900268
1166,8.13795052549,-0.113038363183,8.13719612989,24.8935735165
1167,8.14917640266,-0.113309021881,8.14843171669,24.5198149019
1168,8.16040354367,-0.113580060747,8.15966858622,24.146014758
1169,8.17163193076,-0.113851479839,8.17090672073,23.7721736597
1170,8.1828615462,-0.114123279214,8.18214610246,23.3982921819
1171,8.19409237223,-0.11439545893,8.19338671365,23.0243708998
1172,8.2053243911,-0.114668019044,8.20462853653,22.6504103883
1173,8.21655758506,-0.11494095961,8.21587155334,22.2764112228
1174,8.22779193636,-0.115214280684,8.22711574631,21.9023739783
1175,8.23902742723,-0.115487982321,8.23836109767,21.5282992303
1176,8.25026403993,-0.115762064575,8.24960758965,21.1541875541
1177,8.26150175669,-0.1160365275,8.26085520447,20.780039525
1178,8.27274055975,-0.116311371148,8.27210392437,20.4058557186
1179,8.28398043135,-0.116586595572,8.28335373157,20.0316367104
1180,8.29522135373,-0.116862200823,8.29460460828,19.6573830759
1181,8.30646330911,-0.117138186953,8.30585653673,19.2830953908
1182,8.31770627973,-0.117414554012,8.31710949914,18.9087742307
1183,8.32895024782,-0.117691302051,8.32836347772,18.5344201714
1184,8.34019519561,-0.117968431118,8.33961845469,18.1600337888
1185,8.35144110533,-0.118245941263,8.35087441226,17.7856156585
1186,8.36268795921,-0.118523832534,8.36213133265,17.4111663566
1187,8.37393573946,-0.118802104978,8.37338919806,17.0366864589
1188,8.38518442831,-0.119080758643,8.38464799071,16.6621765414
1189,8.39643400799,-0.119359793575,8.3959076928,16.2876371803
1190,8.40768446071,-0.119639209819,8.40716828654,15.9130689514
1191,8.41893576869,-0.119919007422,8.41842975414,15.5384724311
1192,8.43018791416,-0.120199186428,8.42969207779,15.1638481954
1193,8.44144087933,-0.120479746881,8.4409552397,14.7891968205
1194,8.4526946464,-0.120760688825,8.45221922207,14.4145188827
1195,8.46394919761,-0.121042012302,8.4634840071,14.0398149584
1196,8.47520451515,-0.121323717355,8.47474957699,13.6650856238
1197,8.48646058125,-0.121605804026,8.48601591394,13.2903314553
1198,8.49771737811,-0.121888272356,8.49728300014,12.9155530293
1199,8.50897488795,-0.122171122386,8.50855081778,12.5407509223
1200,8.52023309296,-0.122454354155,8.51981934907,12.1659257108
1201,8.53149197536,-0.122737967704,8.53108857619,11.7910779714
1202,8.54275151735,-0.12302196307,8.54235848133,11.4162082804
1203,8.55401170115,-0.123306340292,8.55362904669,11.0413172147
1204,8.56527250895,-0.123591099409,8.56490025445,10.6664053507
1205,8.57653392295,-0.123876240456,8.57617208681,10.2914732653
1206,8.58779592536,-0.124161763471,8.58744452594,9.91652153495
1207,8.59905849839,-0.12444766849,8.59871755404,9.54155073652
1208,8.61032162422,-0.124733955547,8.60999115329,9.16656144675
1209,8.62158528507,-0.125020624678,8.62126530588,8.79155424241
1210,8.63284946313,-0.125307675916,8.63253999398,8.41652970032
1211,8.64411414059,-0.125595109296,8.64381519979,8.04148839734
1212,8.65537929966,-0.125882924849,8.65509090548,7.66643091032
1213,8.66664492253,-0.12617112261,8.66636709324,7.29135781616
1214,8.6779109914,-0.126459702609,8.67764374524,6.91626969179
1215,8.68917748846,-0.126748664877,8.68892084367,6.54116711415
1216,8.70044439591,-0.127038009446,8.7001983707,6.1660506602
1217,8.71171169594,-0.127327736345,8.71147630851,5.79092090695
1218,8.72297937075,-0.127617845604,8.72275463929,5.41577843139
1219,8.73424740252,-0.127908337251,8.7340333452,5.04062381056
1220,8.74551577345,-0.128199211315,8.74531240842,4.66545762152
1221,8.75678446573,-0.128490467824,8.75659181113,4.29028044133
1222,8.76805346156,-0.128782106805,8.76787153551,3.91509284708
1223,8.77932274312,-0.129074128284,8.77915156372,3.53989541588
1224,8.7905922926,-0.129366532287,8.79043187795,3.16468872485
1225,8.80186209219,-0.129659318839,8.80171246037,2.78947335112
1226,8.81313212409,-0.129952487966,8.81299329314,2.41424987185
1227,8.82440237048,-0.13024603969,8.82427435845,2.03901886419
1228,8.83567281355,-0.130539974037,8.83555563846,1.66378090533
1229,8.84694343549,-0.130834291029,8.84683711535,1.28853657245
1230,8.85821421848,-0.131128990688,8.85811877129,0.913286442752
1231,8.86948514472,-0.131424073037,8.86940058845,0.538031093444
1232,8.88075619639,-0.131719538095,8.880682549,0.162771101742
1233,8.89202735569,-0.132015385885,8.89196463511,-0.212492955127
1234,8.90329860479,-0.132311616425,8.90324682896,-0.587760499933
1235,8.91456992588,-0.132608229736,8.91452911271,-0.963030955435
1236,8.92584130116,-0.132905225837,8.92581146854,-1.33830374439
1237,8.93711271281,-0.133202604744,8.93709387861,-1.71357828955
1238,8.94838414301,-0.133500366478,8.94837632509,-2.08885401366
1239,8.95965557395,-0.133798511053,8.95965879016,-2.46413033947
1240,8.97092698783,-0.134097038487,8.97094125599,-2.83940668972
1241,8.98219836682,-0.134395948797,8.98222370474,-3.21468248715
1242,8.99346969312,-0.134695241996,8.99350611858,-3.58995715451
1243,9.0047409489,-0.1349949181,9.00478847969,-3.96523011453
1244,9.01601211637,-0.135294977123,9.01607077024,-4.34050078997
1245,9.0272831777,-0.135595419079,9.02735297239,-4.71576860358
1246,9.03855411508,-0.13589624398,9.03863506831,-5.09103297809
1247,9.0498249107,-0.136197451839,9.04991704018,-5.46629333627
1248,9.06109554676,-0.136499042668,9.06119887017,-5.84154910088
1249,9.07236600543,-0.136801016478,9.07248054044,-6.21679969469
1250,9.0836362689,-0.137103373279,9.08376203317,-6.59204454046
1251,9.09490631937,-0.137406113082,9.09504333053,-6.96728306099
1252,9.10617613902,-0.137709235895,9.1063244147,-7.34251467906
1253,9.11744571004,-0.138012741729,9.11760526783,-7.71773881747
1254,9.12871501463,-0.138316630591,9.12888587211,-8.09295489904
1255,9.13998403497,-0.138620902488,9.1401662097,-8.46816234659
1256,9.15125275325,-0.138925557429,9.15144626278,-8.84336058294
1257,9.16252115167,-0.139230595418,9.16272601353,-9.21854903096
1258,9.17378921241,-0.139536016463,9.17400544411,-9.5937271135
1259,9.18505691767,-0.139841820569,9.18528453671,-9.96889425344
1260,9.19632424964,-0.140148007739,9.19656327349,-10.3440498737
1261,9.20759119051,-0.140454577979,9.20784163663,-10.7191933971
1262,9.21885772249,-0.140761531293,9.2191196083,-11.0943242467
1263,9.23012382775,-0.141068867682,9.23039717069,-11.4694418453
1264,9.2413894885,-0.141376587149,9.24167430597,-11.844545616
1265,9.25265468694,-0.141684689696,9.25295099632,-12.2196349818
1266,9.26391940525,-0.141993175325,9.26422722391,-12.5947093655
1267,9.27518362564,-0.142302044035,9.27550297092,-12.9697681904
1268,9.28644733031,-0.142611295827,9.28677821954,-13.3448108794
1269,9.29771050145,-0.142920930701,9.29805295194,-13.7198368555
1270,9.30897312126,-0.143230948654,9.3093271503,-14.094845542
1271,9.32023517195,-0.143541349686,9.32060079681,-14.4698363619
1272,9.33149663572,-0.143852133794,9.33187387366,-14.8448087384
1273,9.34275749476,-0.144163300975,9.34314636301,-15.2197620946
1274,9.35401773128,-0.144474851226,9.35441824706,-15.5946958538
1275,9.36527732749,-0.144786784542,9.365689508,-15.9696094393
1276,9.37653626558,-0.145099100919,9.376960128,-16.3445022742
1277,9.38779452778,-0.145411800351,9.38823008926,-16.7193737819
1278,9.39905209627,-0.145724882832,9.39949937396,-17.0942233857
1279,9.41030895328,-0.146038348357,9.4107679643,-17.469050509
1280,9.42156508101,-0.146352196917,9.42203584246,-17.8438545752
1281,9.43282046167,-0.146666428506,9.43330299064,-18.2186350077
1282,9.44407507748,-0.146981043116,9.44456939102,-18.59339123
1283,9.45532891064,-0.147296040736,9.4558350258,-18.9681226655
1284,9.46658194337,-0.147611421358,9.46709987718,-19.3428287379
1285,9.47783415789,-0.147927184972,9.47836392736,-19.7175088707
1286,9.48908553641,-0.148243331568,9.48962715851,-20.0921624876
1287,9.50033606114,-0.148559861133,9.50088955286,-20.4667890121
1288,9.51158571432,-0.148876773657,9.51215109259,-20.841387868
1289,9.52283447816,-0.149194069127,9.52341175991,-21.2159584791
1290,9.53408233487,-0.149511747529,9.53467153702,-21.590500269
1291,9.54532926669,-0.149829808851,9.54593040613,-21.9650126617
1292,9.55657525584,-0.150148253079,9.55718834943,-22.3394950811
1293,9.56782028455,-0.150467080197,9.56844534913,-22.7139469509
1294,9.57906433503,-0.15078629019,9.57970138745,-23.0883676953
1295,9.59030738953,-0.151105883042,9.59095644658,-23.4627567382
1296,9.60154943027,-0.151425858738,9.60221050875,-23.8371135036
1297,9.61279043949,-0.151746217259,9.61346355616,-24.2114374157
1298,9.62403039941,-0.152066958589,9.62471557103,-24.5857278987
1299,9.63526929228,-0.152388082708,9.63596653557,-24.9599843766
1300,9.64650710032,-0.152709589599,9.647216432,-25.3342062739
1301,9.65774380579,-0.153031479241,9.65846524254,-25.7083930148
1302,9.66897939092,-0.153353751614,9.66971294941,-26.0825440237
1303,9.68021383794,-0.153676406699,9.68095953482,-26.4566587249
1304,9.69144712911,-0.153999444474,9.69220498101,-26.8307365431
1305,9.70267924668,-0.154322864916,9.7034492702,-27.2047769026
1306,9.71391017288,-0.154646668004,9.71469238461,-27.5787792281
1307,9.72513988997,-0.154970853715,9.72593430648,-27.9527429442
1308,9.73636838019,-0.155295422025,9.73717501803,-28.3266674756
1309,9.74759562581,-0.15562037291,9.74841450149,-28.7005522472
1310,9.75882160908,-0.155945706345,9.75965273911,-29.0743966836
1311,9.77004631225,-0.156271422305,9.77088971311,-29.4482002099
1312,9.78126971758,-0.156597520764,9.78212540574,-29.8219622508
1313,9.79249180733,-0.156924001696,9.79335979923,-30.1956822316
1314,9.80371256377,-0.157250865073,9.80459287583,-30.5693595771
1315,9.81493196916,-0.157578110868,9.81582461779,-30.9429937126
1316,9.82615000577,-0.157905739053,9.82705500733,-31.3165840632
1317,9.83736665587,-0.158233749598,9.83828402672,-31.6901300543
1318,9.84858190172,-0.158562142474,9.84951165821,-32.0636311111
1319,9.85979572561,-0.158890917652,9.86073788404,-32.4370866591
1320,9.8710081098,-0.1592200751,9.87196268648,-32.8104961238
1321,9.88221903657,-0.159549614788,9.88318604777,-33.1838589306
1322,9.89342848822,-0.159879536683,9.89440795018,-33.5571745052
1323,9.904636447,-0.160209840754,9.90562837596,-33.9304422733
1324,9.91584289522,-0.160540526966,9.91684730738,-34.3036616606
1325,9.92704781516,-0.160871595288,9.92806472672,-34.676832093
1326,9.93825118911,-0.161203045684,9.93928061622,-35.0499529964
1327,9.94945299936,-0.16153487812,9.95049495817,-35.4230237967
1328,9.96065322819,-0.161867092561,9.96170773483,-35.7960439201
1329,9.97185185792,-0.16219968897,9.97291892848,-36.1690127926
1330,9.98304887084,-0.162532667312,9.9841285214,-36.5419298404
1331,9.99424424925,-0.162866027548,9.99533649587,-36.91479449
1332,10.0054379755,-0.163199769642,10.0065428342,-37.2876061675
1333,10.0166300318,-0.163533893555,10.0177475186,-37.6603642996
1334,10.0278204005,-0.163868399249,10.0289505314,-38.0330683126
1335,10.0390090639,-0.164203286683,10.0401518549,-38.4057176333
1336,10.0501960044,-0.164538555819,10.0513514714,-38.7783116883
1337,10.0613812042,-0.164874206614,10.0625493631,-39.1508499044
1338,10.0725646457,-0.165210239029,10.0737455125,-39.5233317085
1339,10.0837463112,-0.165546653021,10.0849399017,-39.8957565275
1340,10.094926183,-0.165883448548,10.0961325131,-40.2681237886
1341,10.1061042434,-0.166220625567,10.107323329,-40.6404329187
1342,10.1172804749,-0.166558184035,10.1185123316,-41.0126833451
1343,10.1284548596,-0.166896123906,10.1296995034,-41.3848744952
1344,10.13962738,-0.167234445138,10.1408848266,-41.7570057963
1345,10.1507980184,-0.167573147684,10.1520682835,-42.1290766759
1346,10.1619667571,-0.167912231498,10.1632498565,-42.5010865616
1347,10.1731335785,-0.168251696535,10.1744295278,-42.873034881
1348,10.1842984649,-0.168591542746,10.1856072798,-43.244921062
1349,10.1954613986,-0.168931770085,10.1967830949,-43.6167445324
1350,10.2066223621,-0.169272378503,10.2079569553,-43.9885047202
1351,10.2177813377,-0.169613367951,10.2191288435,-44.3602010533
1352,10.2289383078,-0.16995473838,10.2302987416,-44.7318329601
1353,10.2400932546,-0.17029648974,10.2414666321,-45.1033998686
1354,10.2512461606,-0.17063862198,10.2526324974,-45.4749012072
1355,10.2623970081,-0.17098113505,10.2637963197,-45.8463364045
1356,10.2735457796,-0.171324028897,10.2749580814,-46.217704889
1357,10.2846924573,-0.171667303469,10.2861177648,-46.5890060892
1358,10.2958370237,-0.172010958713,10.2972753524,-46.960239434
1359,10.3069794612,-0.172354994575,10.3084308264,-47.3314043522
1360,10.3181197521,-0.172699411003,10.3195841693,-47.7025002728
1361,10.3292578788,-0.17304420794,10.3307353634,-48.0735266248
1362,10.3403938238,-0.173389385332,10.3418843911,-48.4444828374
1363,10.3515275693,-0.173734943123,10.3530312347,-48.81536834
1364,10.3626590979,-0.174080881256,10.3641758766,-49.1861825618
1365,10.3737883918,-0.174427199675,10.3753182992,-49.5569249324
1366,10.3849154336,-0.174773898321,10.3864584849,-49.9275948813
1367,10.3960402057,-0.175120977137,10.3975964161,-50.2981918384
1368,10.4071626903,-0.175468436064,10.4087320751,-50.6687152334
1369,10.41828287,-0.175816275043,10.4198654444,-51.0391644963
1370,10.4294007272,-0.176164494013,10.4309965063,-51.4095390571
1371,10.4405162443,-0.176513092914,10.4421252432,-51.779838346
1372,10.4516294037,-0.176862071684,10.4532516376,-52.1500617933
1373,10.4627401879,-0.177211430264,10.4643756719,-52.5202088293
1374,10.4738485792,-0.177561168589,10.4754973284,-52.8902788847
1375,10.4849545602,-0.177911286597,10.4866165895,-53.2602713899
1376,10.4960581133,-0.178261784225,10.4977334378,-53.6301857758
1377,10.5071592208,-0.178612661409,10.5088478556,-54.0000214733
1378,10.5182578654,-0.178963918083,10.5199598253,-54.3697779133
1379,10.5293540293,-0.179315554184,10.5310693293,-54.7394545269
1380,10.5404476951,-0.179667569644,10.5421763502,-55.1090507454
1381,10.5515388453,-0.180019964398,10.5532808703,-55.4785660001
1382,10.5626274622,-0.180372738379,10.5643828721,-55.8479997226
1383,10.5737135284,-0.18072589152,10.575482338,-56.2173513443
1384,10.5847970264,-0.181079423751,10.5865792504,-56.5866202971
1385,10.5958779385,-0.181433335005,10.5976735919,-56.9558060128
1386,10.6069562474,-0.181787625212,10.6087653449,-57.3249079234
1387,10.6180319354,-0.182142294302,10.6198544917,-57.693925461
1388,10.6291049851,-0.182497342206,10.630941015,-58.0628580578
1389,10.6401753789,-0.182852768851,10.6420248971,-58.4317051462
1390,10.6512430994,-0.183208574166,10.6531061206,-58.8004661588
1391,10.6623081291,-0.183564758079,10.6641846679,-59.169140528
1392,10.6733704504,-0.183921320518,10.6752605214,-59.5377276868
1393,10.6844300459,-0.184278261408,10.6863336638,-59.9062270679
1394,10.6954868981,-0.184635580677,10.6974040774,-60.2746381045
1395,10.7065409894,-0.184993278249,10.7084717447,-60.6429602297
1396,10.7175923025,-0.185351354049,10.7195366483,-61.0111928768
1397,10.7286408198,-0.185709808002,10.7305987706,-61.3793354792
1398,10.7396865239,-0.186068640031,10.7416580942,-61.7473874706
1399,10.7507293973,-0.18642785006,10.7527146016,-62.1153482846
1400,10.7617694226,-0.186787438012,10.7637682752,-62.483217355
1401,10.7728065822,-0.187147403807,10.7748190976,-62.850994116
1402,10.7838408588,-0.187507747368,10.7858670513,-63.2186780016
1403,10.7948722348,-0.187868468615,10.7969121189,-63.586268446
1404,10.8059006929,-0.188229567469,10.8079542828,-63.9537648838
1405,10.8169262156,-0.188591043849,10.8189935257,-64.3211667495
1406,10.8279487855,-0.188952897674,10.83002983,-64.6884734777
1407,10.8389683851,-0.189315128864,10.8410631782,-65.0556845035
1408,10.849984997,-0.189677737335,10.8520935531,-65.4227992616
1409,10.8609986039,-0.190040723005,10.863120937,-65.7898171874
1410,10.8720091882,-0.190404085792,10.8741453125,-66.156737716
1411,10.8830167325,-0.19076782561,10.8851666623,-66.523560283
1412,10.8940212196,-0.191131942376,10.8961849688,-66.890284324
1413,10.9050226318,-0.191496436005,10.9072002147,-67.2569092746
1414,10.916020952,-0.191861306411,10.9182123825,-67.6234345708
1415,10.9270161626,-0.192226553508,10.9292214549,-67.9898596486
1416,10.9380082462,-0.19259217721,10.9402274143,-68.3561839443
1417,10.9489971856,-0.192958177428,10.9512302434,-68.7224068942
1418,10.9599829633,-0.193324554076,10.9622299248,-69.0885279347
1419,10.9709655619,-0.193691307064,10.973226441,-69.4545465027
1420,10.9819449641,-0.194058436304,10.9842197748,-69.8204620348
1421,10.9929211525,-0.194425941706,10.9952099086,-70.1862739681
1422,11.0038941097,-0.194793823181,11.0061968252,-70.5519817397
1423,11.0148638185,-0.195162080636,11.0171805071,-70.917584787
1424,11.0258302614,-0.195530713981,11.0281609369,-71.2830825473
1425,11.0367934211,-0.195899723124,11.0391380973,-71.6484744584
1426,11.0477532802,-0.196269107972,11.0501119709,-72.0137599579
1427,11.0587098215,-0.196638868433,11.0610825404,-72.3789384839
1428,11.0696630276,-0.197009004412,11.0720497884,-72.7440094744
1429,11.0806128811,-0.197379515815,11.0830136975,-73.1089723678
1430,11.0915593649,-0.197750402549,11.0939742505,-73.4738266024
1431,11.1025024614,-0.198121664516,11.1049314299,-73.8385716169
1432,11.1134421535,-0.198493301622,11.1158852184,-74.20320685
1433,11.1243784239,-0.198865313769,11.1268355988,-74.5677317407
1434,11.1353112551,-0.199237700861,11.1377825536,-74.9321457281
1435,11.1462406301,-0.1996104628,11.1487260655,-75.2964482515
1436,11.1571665314,-0.199983599487,11.1596661174,-75.6606387503
1437,11.1680889417,-0.200357110825,11.1706026917,-76.0247166642
1438,11.1790078439,-0.200730996712,11.1815357713,-76.3886814329
1439,11.1899232206,-0.20110525705,11.1924653388,-76.7525324964
1440,11.2008350545,-0.201479891738,11.203391377,-77.1162692949
1441,11.2117433285,-0.201854900674,11.2143138685,-77.4798912686
1442,11.2226480252,-0.202230283757,11.225232796,-77.8433978581
1443,11.2335491274,-0.202606040885,11.2361481424,-78.2067885041
1444,11.2444466178,-0.202982171954,11.2470598903,-78.5700626473
1445,11.2553404793,-0.203358676862,11.2579680225,-78.9332197289
1446,11.2662306946,-0.203735555504,11.2688725216,-79.2962591899
1447,11.2771172464,-0.204112807775,11.2797733705,-79.6591804719
1448,11.2880001176,-0.204490433571,11.2906705519,-80.0219830163
1449,11.2988792909,-0.204868432786,11.3015640486,-80.3846662649
1450,11.3097547491,-0.205246805313,11.3124538433,-80.7472296596
1451,11.320626475,-0.205625551045,11.3233399187,-81.1096726426
1452,11.3314944515,-0.206004669875,11.3342222577,-81.4719946562
1453,11.3423586612,-0.206384161696,11.3451008431,-81.8341951428
1454,11.3532190871,-0.206764026397,11.3559756576,-82.1962735451
1455,11.364075712,-0.207144263871,11.366846684,-82.5582293059
1456,11.3749285186,-0.207524874007,11.3777139051,-82.9200618684
1457,11.3857774898,-0.207905856695,11.3885773037,-83.2817706756
1458,11.3966226085,-0.208287211824,11.3994368626,-83.6433551712
1459,11.4074638574,-0.208668939282,11.4102925647,-84.0048147986
1460,11.4183012195,-0.209051038958,11.4211443927,-84.3661490017
1461,11.4291346776,-0.209433510739,11.4319923296,-84.7273572244
1462,11.4399642146,-0.209816354512,11.442836358,-85.088438911
1463,11.4507898132,-0.210199570162,11.4536764609,-85.4493935058
1464,11.4616114565,-0.210583157576,11.4645126211,-85.8102204535
1465,11.4724291272,-0.210967116638,11.4753448214,-86.1709191987
1466,11.4832428083,-0.211351447234,11.4861730448,-86.5314891865
1467,11.4940524826,-0.211736149247,11.496997274,-86.891929862
1468,11.5048581331,-0.21212122256,11.507817492,-87.2522406706
1469,11.5156597426,-0.212506667056,11.5186336816,-87.6124210578
1470,11.526457294,-0.212892482618,11.5294458256,-87.9724704695
1471,11.5372507704,-0.213278669127,11.5402539071,-88.3323883515
1472,11.5480401545,-0.213665226463,11.5510579088,-88.6921741501
1473,11.5588254294,-0.214052154509,11.5618578137,-89.0518273116
1474,11.5696065779,-0.214439453143,11.5726536047,-89.4113472825
1475,11.580383583,-0.214827122245,11.5834452647,-89.7707335097
1476,11.5911564277,-0.215215161694,11.5942327766,-90.1299854402
1477,11.6019250948,-0.215603571368,11.6050161233,-90.489102521
1478,11.6126895675,-0.215992351144,11.6157952878,-90.8480841996
1479,11.6234498285,-0.2163815009,11.626570253,-91.2069299237
1480,11.634205861,-0.216771020512,11.6373410018,-91.565639141
1481,11.6449576478,-0.217160909857,11.6481075172,-91.9242112995
1482,11.655705172,-0.217551168809,11.6588697822,-92.2826458474
1483,11.6664484165,-0.217941797243,11.6696277798,-92.6409422333
1484,11.6771873645,-0.218332795034,11.6803814928,-92.9990999057
1485,11.6879219987,-0.218724162056,11.6911309043,-93.3571183134
1486,11.6986523024,-0.21911589818,11.7018759972,-93.7149969057
1487,11.7093782585,-0.219508003281,11.7126167546,-94.0727351317
1488,11.7200998499,-0.21990047723,11.7233531594,-94.430332441
1489,11.7308170599,-0.220293319898,11.7340851946,-94.7877882833
1490,11.7415298713,-0.220686531156,11.7448128433,-95.1451021085
1491,11.7522382673,-0.221080110874,11.7555360885,-95.5022733668
1492,11.7629422308,-0.221474058923,11.7662549131,-95.8593015086
1493,11.773641745,-0.221868375171,11.7769693003,-96.2161859844
1494,11.784336793,-0.222263059487,11.787679233,-96.572926245
1495,11.7950273577,-0.222658111739,11.7983846944,-96.9295217416
1496,11.8057134223,-0.223053531794,11.8090856674,-97.2859719253
1497,11.8163949699,-0.223449319519,11.8197821351,-97.6422762476
1498,11.8270719835,-0.223845474781,11.8304740805,-97.9984341602
1499,11.8377444463,-0.224241997444,11.8411614869,-98.3544451151
1500,11.8484123413,-0.224638887376,11.8518443371,-98.7103085644
1501,11.8590756517,-0.225036144439,11.8625226144,-99.0660239604
1502,11.8697343607,-0.225433768499,11.8731963017,-99.4215907559
1503,11.8803884512,-0.225831759418,11.8838653823,-99.7770084035
1504,11.8910379066,-0.226230117059,11.8945298391,-100.132276356
1505,11.9016827098,-0.226628841285,11.9051896554,-100.487394068
1506,11.9123228441,-0.227027931958,11.9158448142,-100.842360992
1507,11.9229582927,-0.227427388939,11.9264952987,-101.197176581
1508,11.9335890386,-0.227827212088,11.937141092,-101.55184029
1509,11.9442150651,-0.228227401266,11.9477821773,-101.906351573
1510,11.9548363553,-0.228627956332,11.9584185376,-102.260709885
1511,11.9654528924,-0.229028877145,11.9690501562,-102.61491468
1512,11.9760646597,-0.229430163564,11.9796770162,-102.968965413
1513,11.9866716403,-0.229831815446,11.9902991008,-103.322861539
1514,11.9972738174,-0.230233832649,12.0009163931,-103.676602514
1515,12.0078711743,-0.230636215029,12.0115288764,-104.030187793
1516,12.0184636941,-0.231038962443,12.0221365339,-104.383616832
1517,12.0290513602,-0.231442074746,12.0327393487,-104.736889088
1518,12.0396341556,-0.231845551793,12.043337304,-105.090004016
1519,12.0502120638,-0.232249393439,12.0539303832,-105.442961073
1520,12.0607850679,-0.232653599537,12.0645185693,-105.795759716
1521,12.0713531513,-0.233058169942,12.0751018456,-106.148399403
1522,12.081916297,-0.233463104505,12.0856801954,-106.500879589
1523,12.0924744886,-0.233868403079,12.0962536019,-106.853199734
1524,12.1030277091,-0.234274065516,12.1068220483,-107.205359295
1525,12.113575942,-0.234680091667,12.117385518,-107.557357729
1526,12.1241191706,-0.235086481382,12.1279439941,-107.909194495
1527,12.134657378,-0.235493234511,12.1384974601,-108.260869052
1528,12.1451905477,-0.235900350905,12.149045899,-108.612380859
1529,12.155718663,-0.236307830411,12.1595892943,-108.963729374
1530,12.1662417071,-0.236715672878,12.1701276293,-109.314914057
1531,12.1767596635,-0.237123878154,12.1806608872,-109.665934367
1532,12.1872725155,-0.237532446086,12.1911890513,-110.016789764
1533,12.1977802464,-0.23794137652,12.201712105,-110.367479709
1534,12.2082828396,-0.238350669303,12.2122300317,-110.718003661
1535,12.2187802785,-0.238760324281,12.2227428145,-111.068361081
1536,12.2292725464,-0.239170341298,12.233250437,-111.41855143
1537,12.2397596268,-0.239580720198,12.2437528824,-111.768574169
1538,12.2502415029,-0.239991460826,12.2542501342,-112.11842876
1539,12.2607181583,-0.240402563025,12.2647421756,-112.468114663
1540,12.2711895764,-0.240814026637,12.2752289901,-112.817631341
1541,12.2816557405,-0.241225851505,12.285710561,-113.166978256
1542,12.292116634,-0.241638037471,12.2961868717,-113.51615487
1543,12.3025722405,-0.242050584375,12.3066579057,-113.865160646
1544,12.3130225433,-0.242463492058,12.3171236464,-114.213995047
1545,12.323467526,-0.242876760361,12.3275840771,-114.562657535
1546,12.3339071719,-0.243290389121,12.3380391813,-114.911147575
1547,12.3443414645,-0.243704378179,12.3484889424,-115.25946463
1548,12.3547703873,-0.244118727373,12.358933344,-115.607608164
1549,12.3651939238,-0.24453343654,12.3693723693,-115.955577641
1550,12.3756120575,-0.244948505518,12.3798060019,-116.303372525
1551,12.3860247719,-0.245363934142,12.3902342253,-116.650992282
1552,12.3964320504,-0.245779722251,12.4006570228,-116.998436376
1553,12.4068338767,-0.246195869678,12.4110743781,-117.345704273
1554,12.4172302341,-0.246612376258,12.4214862746,-117.692795438
1555,12.4276211064,-0.247029241828,12.4318926958,-118.039709338
1556,12.4380064769,-0.247446466219,12.4422936252,-118.386445437
1557,12.4483863293,-0.247864049266,12.4526890464,-118.733003203
1558,12.4587606471,-0.248281990801,12.4630789428,-119.079382102
1559,12.4691294138,-0.248700290657,12.4734632979,-119.425581601
1560,12.4794926131,-0.249118948665,12.4838420954,-119.771601167
1561,12.4898502286,-0.249537964656,12.4942153188,-120.117440268
1562,12.5002022437,-0.249957338461,12.5045829517,-120.463098372
1563,12.5105486422,-0.25037706991,12.5149449775,-120.808574946
1564,12.5208894077,-0.250797158833,12.5253013799,-121.153869458
1565,12.5312245237,-0.251217605058,12.5356521425,-121.498981379
1566,12.5415539739,-0.251638408413,12.5459972489,-121.843910175
1567,12.5518777418,-0.252059568728,12.5563366827,-122.188655317
1568,12.5621958113,-0.252481085828,12.5666704274,-122.533216274
1569,12.5725081659,-0.25290295954,12.5769984667,-122.877592515
1570,12.5828147892,-0.253325189692,12.5873207843,-123.22178351
1571,12.593115665,-0.253747776108,12.5976373637,-123.565788731
1572,12.603410777,-0.254170718613,12.6079481887,-123.909607647
1573,12.6137001087,-0.254594017032,12.6182532428,-124.253239729
1574,12.623983644,-0.25501767119,12.6285525098,-124.596684448
1575,12.6342613665,-0.255441680909,12.6388459733,-124.939941276
1576,12.6445332599,-0.255866046012,12.649133617,-125.283009684
1577,12.654799308,-0.256290766322,12.6594154245,-125.625889145
1578,12.6650594945,-0.25671584166,12.6696913797,-125.968579131
1579,12.6753138032,-0.257141271848,12.6799614661,-126.311079114
1580,12.6855622177,-0.257567056707,12.6902256676,-126.653388567
1581,12.6958047219,-0.257993196056,12.7004839678,-126.995506963
1582,12.7060412995,-0.258419689715,12.7107363505,-127.337433777
1583,12.7162719343,-0.258846537504,12.7209827994,-127.67916848
1584,12.72649661,-0.259273739241,12.7312232983,-128.020710548
1585,12.7367153106,-0.259701294744,12.7414578309,-128.362059456
1586,12.7469280198,-0.26012920383,12.751686381,-128.703214676
1587,12.7571347213,-0.260557466316,12.7619089324,-129.044175685
1588,12.7673353991,-0.260986082018,12.7721254689,-129.384941958
1589,12.777530037,-0.261415050753,12.7823359743,-129.72551297
1590,12.7877186188,-0.261844372336,12.7925404324,-130.065888197
1591,12.7979011283,-0.262274046581,12.8027388271,-130.406067116
1592,12.8080775495,-0.262704073303,12.812931142,-130.746049202
1593,12.8182478661,-0.263134452315,12.8231173611,-131.085833932
1594,12.8284120621,-0.26356518343,12.8332974683,-131.425420783
1595,12.8385701214,-0.263996266461,12.8434714473,-131.764809234
1596,12.8487220279,-0.264427701219,12.8536392821,-132.10399876
1597,12.8588677654,-0.264859487518,12.8638009566,-132.442988841
1598,12.8690073179,-0.265291625166,12.8739564545,-132.781778955
1599,12.8791406694,-0.265724113975,12.8841057598,-133.120368579
1600,12.8892678037,-0.266156953755,12.8942488565,-133.458757194
1601,12.8993887048,-0.266590144314,12.9043857283,-133.796944277
1602,12.9095033566,-0.267023685462,12.9145163593,-134.134929309
1603,12.9196117432,-0.267457577007,12.9246407334,-134.47271177
1604,12.9297138485,-0.267891818757,12.9347588345,-134.810291139
1605,12.9398096565,-0.268326410518,12.9448706465,-135.147666897
1606,12.9498991512,-0.268761352097,12.9549761535,-135.484838525
1607,12.9599823165,-0.269196643301,12.9650753394,-135.821805504
1608,12.9700591366,-0.269632283935,12.9751681882,-136.158567314
1609,12.9801295954,-0.270068273804,12.9852546838,-136.495123438
1610,12.9901936769,-0.270504612712,12.9953348103,-136.831473358
1611,13.0002513653,-0.270941300464,13.0054085517,-137.167616556
1612,13.0103026445,-0.271378336862,13.015475892,-137.503552515
1613,13.0203474987,-0.27181572171,13.0255368152,-137.839280717
1614,13.0303859118,-0.27225345481,13.0355913054,-138.174800646
1615,13.0404178681,-0.272691535964,13.0456393466,-138.510111786
1616,13.0504433515,-0.273129964973,13.0556809228,-138.84521362
1617,13.0604623462,-0.273568741637,13.0657160182,-139.180105632
1618,13.0704748362,-0.274007865757,13.0757446169,-139.514787307
1619,13.0804808058,-0.274447337133,13.0857667028,-139.849258131
1620,13.0904802391,-0.274887155563,13.0957822602,-140.183517587
1621,13.1004731201,-0.275327320847,13.105791273,-140.517565162
1622,13.1104594331,-0.275767832782,13.1157937255,-140.851400342
1623,13.1204391622,-0.276208691165,13.1257896018,-141.185022612
1624,13.1304122916,-0.276649895795,13.135778886,-141.518431459
1625,13.1403788055,-0.277091446466,13.1457615622,-141.85162637
1626,13.150338688,-0.277533342976,13.1557376147,-142.184606832
1627,13.1602919234,-0.277975585119,13.1657070275,-142.517372333
1628,13.1702384958,-0.278418172691,13.1756697849,-142.84992236
1629,13.1801783896,-0.278861105485,13.185625871,-143.182256402
1630,13.1901115889,-0.279304383296,13.1955752701,-143.514373946
1631,13.200038078,-0.279748005916,13.2055179664,-143.846274483
1632,13.2099578412,-0.280191973139,13.215453944,-144.1779575
1633,13.2198708626,-0.280636284757,13.2253831873,-144.509422487
1634,13.2297771267,-0.281080940561,13.2353056804,-144.840668935
1635,13.2396766176,-0.281525940342,13.2452214076,-145.171696333
1636,13.2495693196,-0.281971283891,13.2551303532,-145.502504171
1637,13.2594552172,-0.282416970999,13.2650325014,-145.833091941
1638,13.2693342946,-0.282863001454,13.2749278365,-146.163459134
1639,13.279206536,-0.283309375046,13.2848163429,-146.493605241
1640,13.289071926,-0.283756091563,13.2946980047,-146.823529754
1641,13.2989304488,-0.284203150794,13.3045728065,-147.153232165
1642,13.3087820887,-0.284650552525,13.3144407323,-147.482711967
1643,13.3186268302,-0.285098296543,13.3243017667,-147.811968652
1644,13.3284646576,-0.285546382636,13.3341558939,-148.141001714
1645,13.3382955553,-0.285994810588,13.3440030983,-148.469810647
1646,13.3481195077,-0.286443580186,13.3538433642,-148.798394943
1647,13.3579364993,-0.286892691213,13.3636766762,-149.126754098
1648,13.3677465144,-0.287342143455,13.3735030184,-149.454887605
1649,13.3775495376,-0.287791936694,13.3833223753,-149.78279496
1650,13.3873455531,-0.288242070715,13.3931347314,-150.110475659
1651,13.3971345456,-0.2886925453,13.4029400711,-150.437929196
1652,13.4069164994,-0.289143360231,13.4127383787,-150.765155067
1653,13.4166913991,-0.28959451529,13.4225296388,-151.09215277
1654,13.4264592291,-0.290046010257,13.4323138358,-151.4189218
1655,13.4362199739,-0.290497844914,13.4420909541,-151.745461655
1656,13.4459736181,-0.290950019041,13.4518609782,-152.071771831
1657,13.4557201461,-0.291402532417,13.4616238927,-152.397851828
1658,13.4654595426,-0.291855384822,13.4713796819,-152.723701142
1659,13.4751917919,-0.292308576033,13.4811283305,-153.049319272
1660,13.4849168788,-0.292762105829,13.4908698229,-153.374705717
1661,13.4946347877,-0.293215973987,13.5006041436,-153.699859976
1662,13.5043455033,-0.293670180285,13.5103312773,-154.024781548
1663,13.5140490101,-0.294124724498,13.5200512084,-154.349469934
1664,13.5237452927,-0.294579606403,13.5297639215,-154.673924634
1665,13.5334343357,-0.295034825775,13.5394694012,-154.998145147
1666,13.5431161238,-0.295490382389,13.5491676321,-155.322130976
1667,13.5527906415,-0.29594627602,13.5588585988,-155.645881621
1668,13.5624578736,-0.29640250644,13.5685422858,-155.969396583
1669,13.5721178047,-0.296859073424,13.5782186778,-156.292675366
1670,13.5817704194,-0.297315976745,13.5878877594,-156.615717471
1671,13.5914157025,-0.297773216174,13.5975495153,-156.938522401
1672,13.6010536385,-0.298230791483,13.6072039302,-157.26108966
1673,13.6106842123,-0.298688702444,13.6168509886,-157.583418749
1674,13.6203074085,-0.299146948827,13.6264906752,-157.905509174
1675,13.6299232119,-0.299605530404,13.6361229748,-158.227360439
1676,13.6395316071,-0.300064446942,13.645747872,-158.548972048
1677,13.649132579,-0.300523698212,13.6553653516,-158.870343506
1678,13.6587261122,-0.300983283983,13.6649753982,-159.191474318
1679,13.6683121916,-0.301443204021,13.6745779966,-159.512363991
1680,13.6778908019,-0.301903458096,13.6841731316,-159.833012029
1681,13.6874619279,-0.302364045975,13.6937607878,-160.15341794
1682,13.6970255545,-0.302824967423,13.7033409501,-160.47358123
1683,13.7065816664,-0.303286222207,13.7129136033,-160.793501406
1684,13.7161302484,-0.303747810092,13.722478732,-161.113177976
1685,13.7256712855,-0.304209730845,13.7320363212,-161.432610448
1686,13.7352047624,-0.304671984228,13.7415863556,-161.75179833
1687,13.744730664,-0.305134570007,13.7511288201,-162.070741131
1688,13.7542489752,-0.305597487945,13.7606636994,-162.38943836
1689,13.7637596809,-0.306060737805,13.7701909785,-162.707889525
1690,13.7732627659,-0.306524319349,13.7797106422,-163.026094137
1691,13.7827582151,-0.30698823234,13.7892226753,-163.344051707
1692,13.7922460136,-0.307452476539,13.7987270628,-163.661761744
1693,13.8017261462,-0.307917051707,13.8082237896,-163.979223759
1694,13.8111985978,-0.308381957604,13.8177128404,-164.296437264
1695,13.8206633535,-0.308847193991,13.8271942004,-164.613401771
1696,13.8301203981,-0.309312760627,13.8366678543,-164.930116791
1697,13.8395697167,-0.309778657271,13.8461337872,-165.246581837
1698,13.8490112942,-0.310244883682,13.8555919839,-165.562796422
1699,13.8584451157,-0.310711439617,13.8650424295,-165.878760058
1700,13.8678711661,-0.311178324833,13.8744851089,-166.194472261
1701,13.8772894305,-0.311645539089,13.8839200072,-166.509932542
1702,13.8866998939,-0.31211308214,13.8933471092,-166.825140418
1703,13.8961025415,-0.312580953742,13.9027664001,-167.140095402
1704,13.9054973581,-0.31304915365,13.9121778648,-167.45479701
1705,13.914884329,-0.31351768162,13.9215814884,-167.769244758
1706,13.9242634391,-0.313986537406,13.9309772559,-168.08343816
1707,13.9336346737,-0.314455720762,13.9403651524,-168.397376734
1708,13.9429980177,-0.314925231441,13.949745163,-168.711059997
1709,13.9523534564,-0.315395069197,13.9591172727,-169.024487464
1710,13.9617009748,-0.315865233781,13.9684814667,-169.337658655
1711,13.9710405581,-0.316335724945,13.97783773,-169.650573086
1712,13.9803721915,-0.316806542442,13.9871860478,-169.963230276
1713,13.9896958601,-0.317277686021,13.9965264052,-170.275629744
1714,13.9990115492,-0.317749155433,14.0058587873,-170.587771009
1715,14.0083192438,-0.318220950428,14.0151831794,-170.899653589
1716,14.0176189293,-0.318693070756,14.0244995665,-171.211277006
1717,14.0269105908,-0.319165516165,14.0338079339,-171.522640779
1718,14.0361942136,-0.319638286404,14.0431082668,-171.833744429
1719,14.0454697829,-0.320111381221,14.0524005503,-172.144587477
1720,14.054737284,-0.320584800363,14.0616847697,-172.455169445
1721,14.0639967021,-0.321058543576,14.0709609102,-172.765489853
1722,14.0732480225,-0.321532610608,14.0802289571,-173.075548226
1723,14.0824912306,-0.322007001204,14.0894888955,-173.385344084
1724,14.0917263116,-0.32248171511,14.0987407109,-173.694876952
1725,14.1009532508,-0.32295675207,14.1079843884,-174.004146352
1726,14.1101720336,-0.323432111829,14.1172199134,-174.313151809
1727,14.1193826453,-0.323907794131,14.1264472711,-174.621892847
1728,14.1285850713,-0.324383798719,14.1356664469,-174.930368991
1729,14.137779297,-0.324860125337,14.1448774261,-175.238579765
1730,14.1469653076,-0.325336773726,14.1540801941,-175.546524696
1731,14.1561430887,-0.325813743628,14.1632747361,-175.854203308
1732,14.1653126257,-0.326291034786,14.1724610377,-176.161615129
1733,14.1744739039,-0.326768646939,14.1816390841,-176.468759685
1734,14.1836269087,-0.327246579829,14.1908088608,-176.775636503
1735,14.1927716257,-0.327724833195,14.1999703531,-177.082245111
1736,14.2019080403,-0.328203406777,14.2091235465,-177.388585036
1737,14.211036138,-0.328682300313,14.2182684265,-177.694655808
1738,14.2201559042,-0.329161513543,14.2274049784,-178.000456955
1739,14.2292673244,-0.329641046204,14.2365331877,-178.305988005
1740,14.2383703842,-0.330120898033,14.2456530399,-178.61124849
1741,14.2474650691,-0.330601068768,14.2547645204,-178.916237938
1742,14.2565513645,-0.331081558146,14.2638676149,-179.22095588
1743,14.2656292561,-0.331562365901,14.2729623087,-179.525401847
1744,14.2746987295,-0.332043491771,14.2820485874,-179.829575371
1745,14.2837597701,-0.332524935489,14.2911264365,-180.133475982
1746,14.2928123636,-0.33300669679,14.3001958417,-180.437103214
1747,14.3018564956,-0.333488775409,14.3092567883,-180.740456598
1748,14.3108921517,-0.333971171078,14.3183092621,-181.043535668
1749,14.3199193174,-0.334453883532,14.3273532486,-181.346339957
1750,14.3289379786,-0.334936912502,14.3363887335,-181.648868998
1751,14.3379481207,-0.335420257721,14.3454157022,-181.951122327
1752,14.3469497296,-0.335903918921,14.3544341405,-182.253099477
1753,14.3559427908,-0.336387895832,14.3634440339,-182.554799984
1754,14.36492729,-0.336872188185,14.3724453682,-182.856223383
1755,14.3739032129,-0.33735679571,14.381438129,-183.15736921
1756,14.3828705454,-0.337841718138,14.390422302,-183.458237002
1757,14.391829273,-0.338326955196,14.3993978729,-183.758826295
1758,14.4007793816,-0.338812506615,14.4083648273,-184.059136626
1759,14.4097208569,-0.339298372122,14.417323151,-184.359167533
1760,14.4186536846,-0.339784551444,14.4262728298,-184.658918554
1761,14.4275778506,-0.34027104431,14.4352138494,-184.958389228
1762,14.4364933406,-0.340757850446,14.4441461954,-185.257579094
1763,14.4454001406,-0.341244969578,14.4530698538,-185.55648769
1764,14.4542982362,-0.341732401432,14.4619848103,-185.855114557
1765,14.4631876133,-0.342220145734,14.4708910506,-186.153459235
1766,14.4720682578,-0.342708202208,14.4797885607,-186.451521264
1767,14.4809401555,-0.343196570578,14.4886773263,-186.749300186
1768,14.4898032924,-0.34368525057,14.4975573332,-187.046795542
1769,14.4986576542,-0.344174241905,14.5064285674,-187.344006874
1770,14.507503227,-0.344663544307,14.5152910147,-187.640933724
1771,14.5163399966,-0.345153157498,14.5241446609,-187.937575636
1772,14.525167949,-0.345643081201,14.5329894919,-188.233932152
1773,14.5339870701,-0.346133315137,14.5418254937,-188.530002816
1774,14.5427973459,-0.346623859027,14.5506526522,-188.825787173
1775,14.5515987623,-0.347114712591,14.5594709533,-189.121284767
1776,14.5603913053,-0.347605875549,14.568280383,-189.416495142
1777,14.569174961,-0.348097347622,14.5770809272,-189.711417845
1778,14.5779497153,-0.348589128528,14.5858725719,-190.006052422
1779,14.5867155543,-0.349081217986,14.594655303,-190.300398418
1780,14.5954724639,-0.349573615714,14.6034291066,-190.59445538
1781,14.6042204304,-0.35006632143,14.6121939688,-190.888222856
1782,14.6129594397,-0.350559334851,14.6209498754,-191.181700393
1783,14.6216894779,-0.351052655694,14.6296968127,-191.47488754
1784,14.6304105311,-0.351546283675,14.6384347665,-191.767783845
1785,14.6391225854,-0.352040218509,14.6471637231,-192.060388857
1786,14.647825627,-0.352534459913,14.6558836684,-192.352702126
1787,14.656519642,-0.353029007601,14.6645945886,-192.6447232
1788,14.6652046165,-0.353523861287,14.6732964698,-192.936451632
1789,14.6738805367,-0.354019020686,14.6819892981,-193.227886971
1790,14.6825473888,-0.354514485511,14.6906730597,-193.519028769
1791,14.691205159,-0.355010255474,14.6993477406,-193.809876578
1792,14.6998538334,-0.355506330289,14.7080133272,-194.100429949
1793,14.7084933983,-0.356002709667,14.7166698055,-194.390688436
1794,14.71712384,-0.35649939332,14.7253171617,-194.680651591
1795,14.7257451447,-0.35699638096,14.7339553821,-194.970318968
1796,14.7343572986,-0.357493672295,14.7425844529,-195.259690121
1797,14.7429602881,-0.357991267038,14.7512043603,-195.548764604
1798,14.7515540994,-0.358489164898,14.7598150906,-195.837541972
1799,14.7601387187,-0.358987365583,14.76841663,-196.126021781
1800,14.7687141326,-0.359485868803,14.7770089648,-196.414203586
1801,14.7772803272,-0.359984674266,14.7855920814,-196.702086943
1802,14.785837289,-0.360483781679,14.794165966,-196.98967141
1803,14.7943850042,-0.360983190751,14.8027306049,-197.276956544
1804,14.8029234593,-0.361482901187,14.8112859845,-197.563941901
1805,14.8114526407,-0.361982912696,14.8198320911,-197.850627041
1806,14.8199725347,-0.362483224981,14.8283689111,-198.137011522
1807,14.8284831278,-0.36298383775,14.8368964309,-198.423094902
1808,14.8369844065,-0.363484750707,14.8454146368,-198.708876741
1809,14.8454763571,-0.363985963557,14.8539235153,-198.9943566
1810,14.8539589661,-0.364487476003,14.8624230528,-199.279534038
1811,14.86243222,-0.36498928775,14.8709132358,-199.564408617
1812,14.8708961053,-0.365491398501,14.8793940506,-199.848979897
1813,14.8793506085,-0.365993807958,14.8878654838,-200.133247441
1814,14.8877957162,-0.366496515824,14.8963275218,-200.417210811
1815,14.8962314148,-0.366999521801,14.9047801511,-200.700869569
1816,14.9046576908,-0.367502825589,14.9132233583,-200.98422328
1817,14.913074531,-0.368006426891,14.9216571298,-201.267271505
1818,14.9214819218,-0.368510325406,14.9300814522,-201.550013811
1819,14.9298798499,-0.369014520835,14.938496312,-201.83244976
1820,14.9382683017,-0.369519012876,14.9469016959,-202.114578919
1821,14.9466472641,-0.37002380123,14.9552975903,-202.396400852
1822,14.9550167236,-0.370528885594,14.9636839819,-202.677915127
1823,14.9633766668,-0.371034265667,14.9720608573,-202.959121309
1824,14.9717270804,-0.371539941147,14.9804282032,-203.240018965
1825,14.9800679511,-0.372045911731,14.9887860061,-203.520607663
1826,14.9883992656,-0.372552177115,14.9971342527,-203.80088697
1827,14.9967210106,-0.373058736997,15.0054729296,-204.080856456
1828,15.0050331729,-0.373565591071,15.0138020237,-204.360515688
1829,15.0133357391,-0.374072739035,15.0221215215,-204.639864237
1830,15.021628696,-0.374580180581,15.0304314098,-204.918901672
1831,15.0299120305,-0.375087915406,15.0387316753,-205.197627564
1832,15.0381857292,-0.375595943203,15.0470223047,-205.476041482
1833,15.0464497789,-0.376104263666,15.0553032849,-205.754142999
1834,15.0547041666,-0.376612876488,15.0635746025,-206.031931687
1835,15.0629488789,-0.377121781361,15.0718362444,-206.309407116
1836,15.0711839028,-0.377630977979,15.0800881973,-206.586568861
1837,15.0794092251,-0.378140466033,15.0883304482,-206.863416494
1838,15.0876248327,-0.378650245214,15.0965629837,-207.139949589
1839,15.0958307125,-0.379160315213,15.1047857908,-207.41616772
1840,15.1040268514,-0.379670675722,15.1129988563,-207.692070462
1841,15.1122132362,-0.380181326429,15.1212021671,-207.96765739
1842,15.1203898539,-0.380692267025,15.1293957102,-208.242928079
1843,15.1285566916,-0.381203497198,15.1375794723,-208.517882106
1844,15.136713736,-0.381715016638,15.1457534404,-208.792519046
1845,15.1448609743,-0.382226825033,15.1539176014,-209.066838478
1846,15.1529983934,-0.382738922071,15.1620719424,-209.340839979
1847,15.1611259803,-0.383251307438,15.1702164503,-209.614523126
1848,15.169243722,-0.383763980822,15.1783511119,-209.887887499
1849,15.1773516056,-0.38427694191,15.1864759145,-210.160932676
1850,15.1854496181,-0.384790190388,15.1945908449,-210.433658237
1851,15.1935377466,-0.38530372594,15.2026958902,-210.706063761
1852,15.2016159782,-0.385817548253,15.2107910374,-210.97814883
1853,15.2096842999,-0.386331657012,15.2188762736,-211.249913024
1854,15.217742699,-0.386846051899,15.2269515859,-211.521355925
1855,15.2257911624,-0.3873607326,15.2350169613,-211.792477115
1856,15.2338296775,-0.387875698797,15.243072387,-212.063276176
1857,15.2418582312,-0.388390950175,15.25111785,-212.33375269
1858,15.2498768109,-0.388906486414,15.2591533376,-212.603906243
1859,15.2578854036,-0.389422307198,15.2671788368,-212.873736417
1860,15.2658839967,-0.389938412208,15.2751943348,-213.143242797
1861,15.2738725772,-0.390454801125,15.2831998188,-213.412424967
1862,15.2818511325,-0.39097147363,15.291195276,-213.681282515
1863,15.2898196498,-0.391488429403,15.2991806937,-213.949815024
1864,15.2977781164,-0.392005668125,15.3071560589,-214.218022082
1865,15.3057265195,-0.392523189475,15.315121359,-214.485903276
1866,15.3136648465,-0.393040993131,15.3230765813,-214.753458193
1867,15.3215930847,-0.393559078773,15.3310217129,-215.020686421
1868,15.3295112213,-0.394077446079,15.3389567413,-215.287587548
1869,15.3374192438,-0.394596094726,15.3468816536,-215.554161164
1870,15.3453171395,-0.395115024392,15.3547964372,-215.820406858
1871,15.3532048958,-0.395634234754,15.3627010795,-216.08632422
1872,15.3610825001,-0.396153725488,15.3705955678,-216.351912839
1873,15.3689499397,-0.39667349627,15.3784798895,-216.617172309
1874,15.3768072021,-0.397193546775,15.3863540319,-216.882102218
1875,15.3846542748,-0.39771387668,15.3942179824,-217.146702161
1876,15.3924911452,-0.398234485658,15.4020717285,-217.410971728
1877,15.4003178007,-0.398755373384,15.4099152576,-217.674910514
1878,15.4081342289,-0.399276539532,15.4177485571,-217.938518112
1879,15.4159404172,-0.399797983775,15.4255716144,-218.201794115
1880,15.4237363532,-0.400319705787,15.4333844172,-218.464738118
1881,15.4315220244,-0.400841705239,15.4411869528,-218.727349716
1882,15.4392974184,-0.401363981805,15.4489792087,-218.989628505
1883,15.4470625227,-0.401886535155,15.4567611726,-219.251574081
1884,15.4548173248,-0.402409364961,15.4645328319,-219.513186041
1885,15.4625618125,-0.402932470895,15.4722941741,-219.77446398
1886,15.4702959733,-0.403455852626,15.4800451869,-220.035407498
1887,15.4780197948,-0.403979509824,15.4877858578,-220.296016191
1888,15.4857332646,-0.404503442159,15.4955161744,-220.55628966
1889,15.4934363706,-0.405027649301,15.5032361245,-220.816227502
1890,15.5011291002,-0.405552130918,15.5109456954,-221.075829317
1891,15.5088114412,-0.406076886679,15.5186448751,-221.335094706
1892,15.5164833813,-0.40660191625,15.526333651,-221.59402327
1893,15.5241449083,-0.407127219301,15.5340120109,-221.852614609
1894,15.5317960099,-0.407652795497,15.5416799425,-222.110868325
1895,15.5394366737,-0.408178644507,15.5493374335,-222.36878402
1896,15.5470668877,-0.408704765995,15.5569844716,-222.626361298
1897,15.5546866396,-0.409231159627,15.5646210446,-222.883599761
1898,15.5622959172,-0.40975782507,15.5722471402,-223.140499014
1899,15.5698947083,-0.410284761988,15.5798627463,-223.397058659
1900,15.5774830007,-0.410811970046,15.5874678505,-223.653278304
1901,15.5850607823,-0.411339448907,15.5950624408,-223.909157552
1902,15.592628041,-0.411867198236,15.6026465049,-224.164696009
1903,15.6001847647,-0.412395217696,15.6102200307,-224.419893283
1904,15.6077309412,-0.41292350695,15.617783006,-224.674748979
1905,15.6152665585,-0.41345206566,15.6253354188,-224.929262706
1906,15.6227916045,-0.413980893488,15.6328772568,-225.183434071
1907,15.6303060672,-0.414509990097,15.6404085081,-225.437262683
1908,15.6378099345,-0.415039355146,15.6479291606,-225.690748151
1909,15.6453031944,-0.415568988298,15.6554392021,-225.943890085
1910,15.6527858349,-0.416098889212,15.6629386206,-226.196688094
1911,15.660257844,-0.416629057549,15.6704274042,-226.449141789
1912,15.6677192098,-0.417159492968,15.6779055408,-226.701250781
1913,15.6751699203,-0.417690195129,15.6853730183,-226.953014682
1914,15.6826099635,-0.418221163689,15.6928298249,-227.204433105
1915,15.6900393276,-0.418752398308,15.7002759486,-227.455505661
1916,15.6974580006,-0.419283898644,15.7077113774,-227.706231964
1917,15.7048659707,-0.419815664353,15.7151360994,-227.956611629
1918,15.712263226,-0.420347695094,15.7225501027,-228.206644268
1919,15.7196497546,-0.420879990523,15.7299533753,-228.456329498
1920,15.7270255446,-0.421412550295,15.7373459055,-228.705666933
1921,15.7343905844,-0.421945374068,15.7447276813,-228.95465619
1922,15.741744862,-0.422478461497,15.7520986908,-229.203296885
1923,15.7490883657,-0.423011812236,15.7594589224,-229.451588634
1924,15.7564210837,-0.423545425941,15.7668083641,-229.699531056
1925,15.7637430043,-0.424079302266,15.7741470042,-229.947123769
1926,15.7710541157,-0.424613440864,15.7814748308,-230.194366391
1927,15.7783544062,-0.42514784139,15.7887918323,-230.44125854
1928,15.785643864,-0.425682503495,15.7960979968,-230.687799838
1929,15.7929224776,-0.426217426834,15.8033933127,-230.933989904
1930,15.8001902352,-0.426752611058,15.8106777681,-231.179828359
1931,15.8074471252,-0.427288055819,15.8179513515,-231.425314825
1932,15.8146931359,-0.427823760769,15.8252140512,-231.670448922
1933,15.8219282558,-0.428359725559,15.8324658554,-231.915230274
1934,15.8291524731,-0.428895949838,15.8397067526,-232.159658503
1935,15.8363657764,-0.429432433259,15.846936731,-232.403733234
1936,15.843568154,-0.42996917547,15.8541557792,-232.647454089
1937,15.8507595945,-0.430506176121,15.8613638854,-232.890820693
1938,15.8579400862,-0.431043434862,15.8685610382,-233.133832673
1939,15.8651096176,-0.43158095134,15.8757472259,-233.376489652
1940,15.8722681773,-0.432118725204,15.882922437,-233.618791258
1941,15.8794157538,-0.432656756102,15.89008666,-233.860737117
1942,15.8865523355,-0.433195043682,15.8972398833,-234.102326856
1943,15.893677911,-0.433733587591,15.9043820956,-234.343560104
1944,15.900792469,-0.434272387475,15.9115132852,-234.584436489
1945,15.9078959979,-0.434811442981,15.9186334407,-234.824955639
1946,15.9149884865,-0.435350753754,15.9257425508,-235.065117184
1947,15.9220699232,-0.43589031944,15.9328406039,-235.304920754
1948,15.9291402967,-0.436430139685,15.9399275886,-235.54436598
1949,15.9361995957,-0.436970214133,15.9470034936,-235.783452492
1950,15.9432478088,-0.437510542428,15.9540683075,-236.022179923
1951,15.9502849248,-0.438051124215,15.9611220189,-236.260547905
1952,15.9573109322,-0.438591959137,15.9681646164,-236.498556071
1953,15.96432582,-0.439133046837,15.9751960888,-236.736204053
1954,15.9713295766,-0.439674386958,15.9822164248,-236.973491486
1955,15.9783221911,-0.440215979142,15.989225613,-237.210418004
1956,15.985303652,-0.440757823032,15.9962236422,-237.446983242
1957,15.9922739482,-0.441299918269,16.0032105011,-237.683186836
1958,15.9992330684,-0.441842264494,16.0101861784,-237.919028422
1959,16.0061810016,-0.442384861349,16.0171506631,-238.154507637
1960,16.0131177365,-0.442927708473,16.0241039438,-238.389624117
1961,16.020043262,-0.443470805507,16.0310460093,-238.6243775
1962,16.026957567,-0.44401415209,16.0379768486,-238.858767426
1963,16.0338606403,-0.444557747863,16.0448964504,-239.092793532
1964,16.0407524709,-0.445101592463,16.0518048036,-239.326455459
1965,16.0476330477,-0.445645685529,16.0587018971,-239.559752845
1966,16.0545023596,-0.446190026701,16.0655877197,-239.792685333
1967,16.0613603956,-0.446734615614,16.0724622605,-240.025252562
1968,16.0682071446,-0.447279451907,16.0793255083,-240.257454175
1969,16.0750425957,-0.447824535217,16.0861774521,-240.489289814
1970,16.0818667379,-0.44836986518,16.0930180808,-240.720759122
1971,16.0886795601,-0.448915441434,16.0998473835,-240.951861742
1972,16.0954810515,-0.449461263612,16.1066653491,-241.182597318
1973,16.1022712011,-0.450007331352,16.1134719666,-241.412965494
1974,16.109049998,-0.450553644289,16.1202672252,-241.642965916
1975,16.1158174313,-0.451100202056,16.1270511138,-241.87259823
1976,16.12257349,-0.451647004289,16.1338236215,-242.10186208
1977,16.1293181634,-0.452194050621,16.1405847374,-242.330757116
1978,16.1360514406,-0.452741340686,16.1473344507,-242.559282982
1979,16.1427733106,-0.453288874118,16.1540727504,-242.787439329
1980,16.1494837629,-0.453836650549,16.1607996257,-243.015225803
1981,16.1561827864,-0.454384669612,16.1675150657,-243.242642054
1982,16.1628703705,-0.454932930939,16.1742190597,-243.469687732
1983,16.1695465044,-0.455481434162,16.1809115968,-243.696362487
1984,16.1762111774,-0.456030178911,16.1875926662,-243.92266597
1985,16.1828643786,-0.456579164819,16.1942622571,-244.148597831
1986,16.1895060975,-0.457128391516,16.2009203589,-244.374157723
1987,16.1961363233,-0.457677858631,16.2075669608,-244.599345299
1988,16.2027550453,-0.458227565796,16.214202052,-244.82416021
1989,16.2093622529,-0.458777512639,16.2208256218,-245.048602112
1990,16.2159579355,-0.45932769879,16.2274376597,-245.272670658
1991,16.2225420824,-0.459878123878,16.2340381549,-245.496365503
1992,16.229114683,-0.46042878753,16.2406270967,-245.719686302
1993,16.2356757268,-0.460979689375,16.2472044746,-245.942632711
1994,16.2422252031,-0.461530829042,16.2537702779,-246.165204387
1995,16.2487631015,-0.462082206156,16.260324496,-246.387400986
1996,16.2552894113,-0.462633820345,16.2668671184,-246.609222167
1997,16.2618041221,-0.463185671236,16.2733981345,-246.830667587
1998,16.2683072234,-0.463737758455,16.2799175338,-247.051736905
1999,16.2747987047,-0.464290081628,16.2864253057,-247.272429782
2000,16.2812785556,-0.464842640381,16.2929214398,-247.492745875
2001,16.2877467655,-0.465395434337,16.2994059255,-247.712684847
2002,16.2942033242,-0.465948463123,16.3058787524,-247.932246358
2003,16.300648221,-0.466501726363,16.31233991,-248.151430071
2004,16.3070814458,-0.467055223681,16.318789388,-248.370235646
2005,16.3135029881,-0.4676089547,16.3252271758,-248.588662747
2006,16.3199128375,-0.468162919044,16.3316532632,-248.806711038
2007,16.3263109838,-0.468717116336,16.3380676396,-249.024380182
2008,16.3326974166,-0.469271546198,16.3444702949,-249.241669845
2009,16.3390721255,-0.469826208254,16.3508612185,-249.458579691
2010,16.3454351004,-0.470381102124,16.3572404002,-249.675109385
2011,16.351786331,-0.47093622743,16.3636078298,-249.891258595
2012,16.3581258069,-0.471491583794,16.3699634968,-250.107026988
2013,16.3644535181,-0.472047170836,16.3763073911,-250.32241423
2014,16.3707694542,-0.472602988177,16.3826395023,-250.53741999
2015,16.3770736052,-0.473159035437,16.3889598203,-250.752043937
2016,16.3833659607,-0.473715312236,16.3952683348,-250.966285739
2017,16.3896465107,-0.474271818194,16.4015650356,-251.180145068
2018,16.3959152451,-0.474828552928,16.4078499126,-251.393621592
2019,16.4021721536,-0.475385516059,16.4141229556,-251.606714984
2020,16.4084172263,-0.475942707204,16.4203841545,-251.819424914
2021,16.414650453,-0.476500125982,16.4266334991,-252.031751056
2022,16.4208718237,-0.47705777201,16.4328709793,-252.243693081
2023,16.4270813282,-0.477615644905,16.439096585,-252.455250664
2024,16.4332789567,-0.478173744285,16.4453103062,-252.666423478
2025,16.4394646991,-0.478732069766,16.4515121328,-252.877211198
2026,16.4456385454,-0.479290620965,16.4577020548,-253.087613499
2027,16.4518004855,-0.479849397497,16.4638800621,-253.297630056
2028,16.4579505097,-0.480408398978,16.4700461448,-253.507260547
2029,16.4640886079,-0.480967625023,16.4762002929,-253.716504648
2030,16.4702147702,-0.481527075247,16.4823424965,-253.925362036
2031,16.4763289868,-0.482086749265,16.4884727455,-254.13383239
2032,16.4824312476,-0.482646646691,16.4945910301,-254.341915389
2033,16.488521543,-0.483206767139,16.5006973403,-254.549610711
2034,16.494599863,-0.483767110222,16.5067916663,-254.756918037
2035,16.5006661978,-0.484327675554,16.5128739982,-254.963837048
2036,16.5067205376,-0.484888462747,16.5189443262,-255.170367423
2037,16.5127628726,-0.485449471413,16.5250026404,-255.376508846
2038,16.5187931931,-0.486010701166,16.531048931,-255.582260998
2039,16.5248114892,-0.486572151617,16.5370831883,-255.787623563
2040,16.5308177514,-0.487133822377,16.5431054023,-255.992596223
2041,16.5368119697,-0.487695713057,16.5491155635,-256.197178663
2042,16.5427941347,-0.488257823269,16.555113662,-256.401370568
2043,16.5487642365,-0.488820152622,16.5610996881,-256.605171622
2044,16.5547222655,-0.489382700728,16.5670736322,-256.808581513
2045,16.5606682121,-0.489945467194,16.5730354844,-257.011599926
2046,16.5666020667,-0.490508451633,16.5789852353,-257.214226548
2047,16.5725238196,-0.491071653651,16.5849228751,-257.416461067
2048,16.5784334613,-0.491635072858,16.5908483942,-257.618303172
2049,16.5843309821,-0.492198708863,16.596761783,-257.819752551
2050,16.5902163727,-0.492762561274,16.6026630319,-258.020808895
2051,16.5960896234,-0.493326629697,16.6085521314,-258.221471892
2052,16.6019507247,-0.493890913742,16.6144290718,-258.421741234
2053,16.6077996671,-0.494455413015,16.6202938437,-258.621616612
2054,16.6136364412,-0.495020127122,16.6261464375,-258.821097718
2055,16.6194610374,-0.495585055671,16.6319868437,-259.020184245
2056,16.6252734465,-0.496150198267,16.6378150529,-259.218875886
2057,16.6310736589,-0.496715554517,16.6436310556,-259.417172334
2058,16.6368616653,-0.497281124024,16.6494348424,-259.615073284
2059,16.6426374562,-0.497846906396,16.6552264038,-259.81257843
2060,16.6484010224,-0.498412901236,16.6610057304,-260.00968747
2061,16.6541523544,-0.49897910815,16.6667728129,-260.206400097
2062,16.659891443,-0.499545526741,16.6725276419,-260.402716011
2063,16.6656182788,-0.500112156612,16.678270208,-260.598634907
2064,16.6713328526,-0.500678997369,16.6840005019,-260.794156484
2065,16.6770351552,-0.501246048613,16.6897185144,-260.989280441
2066,16.6827251771,-0.501813309948,16.695424236,-261.184006476
2067,16.6884029093,-0.502380780976,16.7011176576,-261.37833429
2068,16.6940683425,-0.5029484613,16.7067987699,-261.572263583
2069,16.6997214676,-0.503516350521,16.7124675637,-261.765794056
2070,16.7053622753,-0.504084448241,16.7181240297,-261.958925411
2071,16.7109907565,-0.504652754061,16.7237681587,-262.15165735
2072,16.7166069021,-0.505221267583,16.7293999416,-262.343989576
2073,16.722210703,-0.505789988406,16.7350193693,-262.535921793
2074,16.72780215,-0.506358916131,16.7406264325,-262.727453705
2075,16.7333812341,-0.506928050358,16.7462211222,-262.918585016
2076,16.7389479462,-0.507497390687,16.7518034292,-263.109315432
2077,16.7445022774,-0.508066936717,16.7573733446,-263.299644659
2078,16.7500442185,-0.508636688047,16.7629308591,-263.489572404
2079,16.7555737606,-0.509206644276,16.7684759638,-263.679098373
2080,16.7610908946,-0.509776805002,16.7740086497,-263.868222275
2081,16.7665956117,-0.510347169823,16.7795289077,-264.056943818
2082,16.772087903,-0.510917738337,16.7850367289,-264.245262711
2083,16.7775677593,-0.511488510142,16.7905321043,-264.433178664
2084,16.783035172,-0.512059484834,16.7960150249,-264.620691388
2085,16.788490132,-0.512630662011,16.8014854818,-264.807800592
2086,16.7939326305,-0.513202041269,16.8069434662,-264.994505989
2087,16.7993626587,-0.513773622204,16.812388969,-265.180807291
2088,16.8047802077,-0.514345404412,16.8178219816,-265.366704211
2089,16.8101852688,-0.514917387489,16.8232424949,-265.552196461
2090,16.8155778331,-0.51548957103,16.8286505002,-265.737283757
2091,16.8209578918,-0.51606195463,16.8340459886,-265.921965813
2092,16.8263254363,-0.516634537884,16.8394289514,-266.106242344
2093,16.8316804578,-0.517207320385,16.8447993798,-266.290113066
2094,16.8370229475,-0.517780301729,16.850157265,-266.473577696
2095,16.8423528968,-0.518353481508,16.8555025983,-266.65663595
2096,16.8476702971,-0.518926859316,16.860835371,-266.839287547
2097,16.8529751396,-0.519500434747,16.8661555743,-267.021532205
2098,16.8582674157,-0.520074207393,16.8714631997,-267.203369643
2099,16.8635471168,-0.520648176847,16.8767582384,-267.38479958
2100,16.8688142343,-0.521222342701,16.8820406818,-267.565821738
2101,16.8740687596,-0.521796704546,16.8873105213,-267.746435836
2102,16.8793106842,-0.522371261975,16.8925677483,-267.926641597
2103,16.8845399996,-0.522946014579,16.8978123542,-268.106438743
2104,16.8897566971,-0.523520961949,16.9030443304,-268.285826996
2105,16.8949607684,-0.524096103675,16.9082636684,-268.464806079
2106,16.9001522049,-0.524671439349,16.9134703597,-268.643375718
2107,16.9053309982,-0.525246968559,16.9186643957,-268.821535636
2108,16.9104971398,-0.525822690896,16.923845768,-268.99928556
2109,16.9156506213,-0.52639860595,16.9290144682,-269.176625214
2110,16.9207914344,-0.526974713309,16.9341704877,-269.353554325
2111,16.9259195705,-0.527551012563,16.9393138182,-269.530072621
2112,16.9310350215,-0.528127503301,16.9444444512,-269.70617983
2113,16.9361377788,-0.52870418511,16.9495623784,-269.88187568
2114,16.9412278342,-0.529281057578,16.9546675914,-270.0571599
2115,16.9463051794,-0.529858120294,16.9597600818,-270.23203222
2116,16.9513698062,-0.530435372845,16.9648398413,-270.406492369
2117,16.9564217061,-0.531012814818,16.9699068617,-270.580540081
2118,16.9614608711,-0.5315904458,16.9749611345,-270.754175085
2119,16.9664872928,-0.532168265378,16.9800026516,-270.927397114
2120,16.9715009631,-0.532746273137,16.9850314047,-271.100205901
2121,16.9765018737,-0.533324468665,16.9900473856,-271.27260118
2122,16.9814900166,-0.533902851546,16.995050586,-271.444582684
2123,16.9864653835,-0.534481421366,17.0000409978,-271.61615015
2124,16.9914279663,-0.53506017771,17.0050186128,-271.787303311
2125,16.996377757,-0.535639120163,17.0099834228,-271.958041904
2126,17.0013147474,-0.53621824831,17.0149354197,-272.128365666
2127,17.0062389294,-0.536797561734,17.0198745955,-272.298274335
2128,17.0111502951,-0.537377060021,17.0248009419,-272.467767648
2129,17.0160488363,-0.537956742753,17.029714451,-272.636845343
2130,17.0209345452,-0.538536609515,17.0346151147,-272.805507161
2131,17.0258074136,-0.539116659888,17.0395029249,-272.973752841
2132,17.0306674336,-0.539696893457,17.0443778736,-273.141582124
2133,17.0355145972,-0.540277309804,17.0492399529,-273.30899475
2134,17.0403488966,-0.54085790851,17.0540891548,-273.475990462
2135,17.0451703238,-0.541438689159,17.0589254713,-273.642569003
2136,17.049978871,-0.542019651331,17.0637488944,-273.808730114
2137,17.0547745301,-0.542600794608,17.0685594163,-273.974473541
2138,17.0595572935,-0.543182118572,17.0733570291,-274.139799027
2139,17.0643271533,-0.543763622804,17.0781417249,-274.304706318
2140,17.0690841016,-0.544345306883,17.0829134958,-274.469195159
2141,17.0738281307,-0.544927170391,17.0876723341,-274.633265296
2142,17.0785592328,-0.545509212907,17.0924182318,-274.796916477
2143,17.0832774001,-0.546091434011,17.0971511812,-274.960148449
2144,17.0879826249,-0.546673833284,17.1018711745,-275.122960961
2145,17.0926748995,-0.547256410303,17.106578204,-275.285353761
2146,17.0973542162,-0.547839164648,17.111272262,-275.447326598
2147,17.1020205674,-0.548422095898,17.1159533406,-275.608879224
2148,17.1066739453,-0.549005203631,17.1206214323,-275.770011389
2149,17.1113143424,-0.549588487426,17.1252765293,-275.930722845
2150,17.115941751,-0.55017194686,17.129918624,-276.091013343
2151,17.1205561635,-0.55075558151,17.1345477087,-276.250882636
2152,17.1251575724,-0.551339390955,17.1391637759,-276.410330478
2153,17.1297459701,-0.551923374771,17.1437668179,-276.569356623
2154,17.1343213491,-0.552507532536,17.1483568272,-276.727960826
2155,17.1388837018,-0.553091863825,17.1529337962,-276.886142841
2156,17.1434330208,-0.553676368215,17.1574977174,-277.043902426
2157,17.1479692987,-0.554261045282,17.1620485832,-277.201239337
2158,17.1524925278,-0.554845894602,17.1665863862,-277.35815333
2159,17.1570027009,-0.55543091575,17.1711111188,-277.514644165
2160,17.1614998105,-0.556016108301,17.1756227737,-277.670711599
2161,17.1659838491,-0.556601471831,17.1801213434,-277.826355392
2162,17.1704548096,-0.557187005915,17.1846068205,-277.981575305
2163,17.1749126844,-0.557772710125,17.1890791976,-278.136371096
2164,17.1793574662,-0.558358584038,17.1935384673,-278.290742529
2165,17.1837891478,-0.558944627226,17.1979846222,-278.444689364
2166,17.1882077218,-0.559530839264,17.202417655,-278.598211364
2167,17.192613181,-0.560117219724,17.2068375585,-278.751308292
2168,17.1970055181,-0.56070376818,17.2112443253,-278.903979913
2169,17.201384726,-0.561290484205,17.2156379481,-279.05622599
2170,17.2057507973,-0.561877367371,17.2200184197,-279.20804629
2171,17.2101037248,-0.562464417251,17.2243857329,-279.359440577
2172,17.2144435015,-0.563051633417,17.2287398804,-279.510408618
2173,17.2187701202,-0.56363901544,17.233080855,-279.66095018
2174,17.2230835737,-0.564226562893,17.2374086496,-279.811065031
2175,17.2273838549,-0.564814275346,17.2417232571,-279.96075294
2176,17.2316709568,-0.565402152371,17.2460246702,-280.110013676
2177,17.2359448722,-0.565990193539,17.2503128819,-280.258847007
2178,17.2402055942,-0.566578398419,17.2545878851,-280.407252706
2179,17.2444531156,-0.567166766583,17.2588496727,-280.555230542
2180,17.2486874295,-0.567755297601,17.2630982377,-280.702780288
2181,17.2529085289,-0.568343991042,17.267333573,-280.849901715
2182,17.2571164069,-0.568932846475,17.2715556716,-280.996594598
2183,17.2613110564,-0.569521863471,17.2757645265,-281.142858709
2184,17.2654924705,-0.570111041599,17.2799601308,-281.288693823
2185,17.2696606424,-0.570700380426,17.2841424776,-281.434099715
2186,17.2738155652,-0.571289879523,17.2883115598,-281.579076161
2187,17.2779572319,-0.571879538456,17.2924673706,-281.723622936
2188,17.2820856358,-0.572469356795,17.2966099031,-281.867739819
2189,17.28620077,-0.573059334106,17.3007391504,-282.011426586
2190,17.2903026277,-0.573649469958,17.3048551056,-282.154683017
2191,17.2943912021,-0.574239763918,17.3089577621,-282.297508889
2192,17.2984664865,-0.574830215554,17.3130471128,-282.439903982
2193,17.3025284741,-0.575420824431,17.3171231511,-282.581868078
2194,17.3065771582,-0.576011590117,17.3211858702,-282.723400956
2195,17.3106125321,-0.576602512177,17.3252352634,-282.864502399
2196,17.3146345891,-0.577193590179,17.3292713238,-283.005172189
2197,17.3186433226,-0.577784823688,17.3332940449,-283.145410108
2198,17.3226387258,-0.57837621227,17.3373034199,-283.285215941
2199,17.3266207923,-0.57896775549,17.3412994422,-283.424589471
2200,17.3305895153,-0.579559452913,17.3452821051,-283.563530484
2201,17.3345448884,-0.580151304105,17.349251402,-283.702038765
2202,17.3384869049,-0.580743308629,17.3532073263,-283.8401141
2203,17.3424155582,-0.581335466051,17.3571498715,-283.977756277
2204,17.346330842,-0.581927775935,17.3610790309,-284.114965083
2205,17.3502327497,-0.582520237844,17.364994798,-284.251740306
2206,17.3541212748,-0.583112851344,17.3688971663,-284.388081735
2207,17.3579964108,-0.583705615996,17.3727861293,-284.523989161
2208,17.3618581514,-0.584298531364,17.3766616806,-284.659462372
2209,17.3657064901,-0.584891597012,17.3805238136,-284.79450116
2210,17.3695414204,-0.585484812503,17.384372522,-284.929105317
2211,17.3733629362,-0.586078177398,17.3882077993,-285.063274635
2212,17.3771710309,-0.586671691261,17.3920296391,-285.197008907
2213,17.3809656982,-0.587265353653,17.395838035,-285.330307926
2214,17.3847469319,-0.587859164137,17.3996329808,-285.463171487
2215,17.3885147257,-0.588453122274,17.40341447,-285.595599385
2216,17.3922690732,-0.589047227626,17.4071824963,-285.727591415
2217,17.3960099682,-0.589641479753,17.4109370535,-285.859147374
2218,17.3997374046,-0.590235878217,17.4146781353,-285.990267059
2219,17.403451376,-0.590830422579,17.4184057354,-286.120950267
2220,17.4071518763,-0.5914251124,17.4221198476,-286.251196796
2221,17.4108388994,-0.592019947239,17.4258204658,-286.381006446
2222,17.414512439,-0.592614926657,17.4295075836,-286.510379016
2223,17.4181724891,-0.593210050213,17.433181195,-286.639314307
2224,17.4218190436,-0.593805317468,17.4368412937,-286.767812119
2225,17.4254520964,-0.594400727981,17.4404878738,-286.895872255
2226,17.4290716413,-0.594996281311,17.444120929,-287.023494516
2227,17.4326776724,-0.595591977017,17.4477404532,-287.150678706
2228,17.4362701837,-0.596187814658,17.4513464405,-287.277424628
2229,17.4398491691,-0.596783793792,17.4549388848,-287.403732086
2230,17.4434146226,-0.597379913978,17.45851778,-287.529600887
2231,17.4469665384,-0.597976174775,17.4620831201,-287.655030834
2232,17.4505049104,-0.598572575739,17.4656348993,-287.780021735
2233,17.4540297328,-0.599169116429,17.4691731114,-287.904573398
2234,17.4575409996,-0.599765796402,17.4726977506,-288.028685628
2235,17.461038705,-0.600362615216,17.4762088109,-288.152358236
2236,17.4645228431,-0.600959572427,17.4797062865,-288.27559103
2237,17.4679934081,-0.601556667593,17.4831901715,-288.398383819
2238,17.4714503941,-0.602153900269,17.4866604601,-288.520736415
2239,17.4748937954,-0.602751270014,17.4901171463,-288.642648628
2240,17.4783236063,-0.603348776382,17.4935602243,-288.764120271
2241,17.4817398209,-0.603946418929,17.4969896885,-288.885151155
2242,17.4851424335,-0.604544197213,17.500405533,-289.005741094
2243,17.4885314384,-0.605142110788,17.503807752,-289.125889901
2244,17.4919068299,-0.605740159209,17.5071963399,-289.245597392
2245,17.4952686025,-0.606338342032,17.5105712909,-289.364863381
2246,17.4986167503,-0.606936658812,17.5139325994,-289.483687684
2247,17.5019512678,-0.607535109103,17.5172802596,-289.602070117
2248,17.5052721494,-0.60813369246,17.5206142659,-289.720010499
2249,17.5085793895,-0.608732408438,17.5239346128,-289.837508647
2250,17.5118729825,-0.609331256591,17.5272412945,-289.954564379
2251,17.5151529229,-0.609930236472,17.5305343056,-290.071177514
2252,17.5184192052,-0.610529347635,17.5338136404,-290.187347874
2253,17.5216718239,-0.611128589635,17.5370792934,-290.303075277
2254,17.5249107734,-0.611727962023,17.5403312591,-290.418359546
2255,17.5281360485,-0.612327464354,17.543569532,-290.533200503
2256,17.5313476435,-0.61292709618,17.5467941067,-290.64759797
2257,17.5345455531,-0.613526857055,17.5500049775,-290.76155177
2258,17.5377297719,-0.61412674653,17.5532021393,-290.875061729
2259,17.5409002945,-0.614726764158,17.5563855864,-290.988127669
2260,17.5440571156,-0.615326909491,17.5595553136,-291.100749417
2261,17.5472002298,-0.615927182082,17.5627113154,-291.212926799
2262,17.5503296319,-0.616527581481,17.5658535864,-291.324659641
2263,17.5534453164,-0.617128107241,17.5689821215,-291.435947771
2264,17.5565472783,-0.617728758912,17.5720969152,-291.546791018
2265,17.5596355122,-0.618329536047,17.5751979623,-291.657189209
2266,17.5627100129,-0.618930438196,17.5782852575,-291.767142175
2267,17.5657707752,-0.619531464909,17.5813587956,-291.876649746
2268,17.5688177939,-0.620132615738,17.5844185713,-291.985711752
2269,17.5718510638,-0.620733890233,17.5874645794,-292.094328025
2270,17.5748705799,-0.621335287943,17.5904968148,-292.202498397
2271,17.5778763369,-0.62193680842,17.5935152722,-292.310222702
2272,17.5808683298,-0.622538451213,17.5965199466,-292.417500772
2273,17.5838465536,-0.623140215871,17.5995108329,-292.524332442
2274,17.5868110031,-0.623742101945,17.6024879259,-292.630717548
2275,17.5897616733,-0.624344108983,17.6054512205,-292.736655924
2276,17.5926985592,-0.624946236534,17.6084007118,-292.842147407
2277,17.5956216559,-0.625548484148,17.6113363946,-292.947191835
2278,17.5985309583,-0.626150851372,17.614258264,-293.051789044
2279,17.6014264615,-0.626753337757,17.6171663149,-293.155938874
2280,17.6043081605,-0.627355942849,17.6200605425,-293.259641163
2281,17.6071760505,-0.627958666198,17.6229409417,-293.362895752
2282,17.6100301266,-0.62856150735,17.6258075076,-293.46570248
2283,17.6128703839,-0.629164465855,17.6286602353,-293.568061189
2284,17.6156968175,-0.62976754126,17.63149912,-293.66997172
2285,17.6185094227,-0.630370733111,17.6343241567,-293.771433917
2286,17.6213081946,-0.630974040957,17.6371353407,-293.872447623
2287,17.6240931285,-0.631577464344,17.6399326671,-293.973012681
2288,17.6268642195,-0.63218100282,17.6427161311,-294.073128936
2289,17.6296214631,-0.63278465593,17.6454857279,-294.172796233
2290,17.6323648543,-0.633388423223,17.6482414528,-294.272014419
2291,17.6350943886,-0.633992304243,17.650983301,-294.37078334
2292,17.6378100613,-0.634596298538,17.6537112679,-294.469102843
2293,17.6405118677,-0.635200405653,17.6564253487,-294.566972776
2294,17.6431998032,-0.635804625134,17.6591255387,-294.66439299
2295,17.6458738632,-0.636408956527,17.6618118334,-294.761363331
2296,17.6485340431,-0.637013399378,17.664484228,-294.857883652
2297,17.6511803383,-0.637617953231,17.667142718,-294.953953802
2298,17.6538127443,-0.638222617633,17.6697872988,-295.049573634
2299,17.6564312565,-0.638827392127,17.6724179659,-295.144742999
2300,17.6590358705,-0.639432276259,17.6750347146,-295.23946175
2301,17.6616265818,-0.640037269573,17.6776375404,-295.333729742
2302,17.6642033858,-0.640642371615,17.680226439,-295.427546827
2303,17.6667662783,-0.641247581928,17.6828014057,-295.520912862
2304,17.6693152547,-0.641852900056,17.6853624361,-295.613827702
2305,17.6718503106,-0.642458325544,17.6879095258,-295.706291204
2306,17.6743714417,-0.643063857935,17.6904426704,-295.798303224
2307,17.6768786437,-0.643669496773,17.6929618655,-295.88986362
2308,17.6793719122,-0.644275241602,17.6954671067,-295.98097225
2309,17.6818512428,-0.644881091964,17.6979583896,-296.071628975
2310,17.6843166314,-0.645487047404,17.70043571,-296.161833653
2311,17.6867680736,-0.646093107463,17.7028990634,-296.251586145
2312,17.6892055651,-0.646699271686,17.7053484458,-296.340886313
2313,17.6916291019,-0.647305539614,17.7077838527,-296.429734019
2314,17.6940386796,-0.64791191079,17.7102052799,-296.518129124
2315,17.696434294,-0.648518384757,17.7126127232,-296.606071493
2316,17.6988159411,-0.649124961057,17.7150061784,-296.693560989
2317,17.7011836167,-0.649731639231,17.7173856414,-296.780597478
2318,17.7035373166,-0.650338418823,17.7197511079,-296.867180824
2319,17.7058770368,-0.650945299373,17.7221025739,-296.953310893
2320,17.7082027732,-0.651552280423,17.7244400352,-297.038987553
2321,17.7105145217,-0.652159361514,17.7267634877,-297.124210671
2322,17.7128122784,-0.652766542189,17.7290729274,-297.208980116
2323,17.7150960391,-0.653373821987,17.7313683502,-297.293295755
2324,17.7173657999,-0.653981200451,17.7336497521,-297.37715746
2325,17.7196215569,-0.65458867712,17.7359171291,-297.460565099
2326,17.7218633061,-0.655196251536,17.7381704771,-297.543518544
2327,17.7240910435,-0.655803923239,17.7404097923,-297.626017667
2328,17.7263047654,-0.65641169177,17.7426350707,-297.708062341
2329,17.7285044677,-0.657019556668,17.7448463084,-297.789652437
2330,17.7306901467,-0.657627517474,17.7470435014,-297.870787831
2331,17.7328617984,-0.658235573727,17.7492266459,-297.951468396
2332,17.7350194192,-0.658843724968,17.751395738,-298.031694008
2333,17.7371630051,-0.659451970736,17.753550774,-298.111464542
2334,17.7392925524,-0.660060310571,17.75569175,-298.190779876
2335,17.7414080574,-0.660668744012,17.7578186621,-298.269639886
2336,17.7435095164,-0.661277270598,17.7599315067,-298.348044451
2337,17.7455969255,-0.661885889869,17.76203028,-298.425993449
2338,17.7476702812,-0.662494601362,17.7641149783,-298.503486759
2339,17.7497295798,-0.663103404618,17.7661855978,-298.580524263
2340,17.7517748176,-0.663712299174,17.7682421349,-298.657105839
2341,17.7538059911,-0.664321284569,17.7702845859,-298.733231371
2342,17.7558230965,-0.664930360342,17.7723129472,-298.80890074
2343,17.7578261304,-0.665539526031,17.7743272152,-298.884113829
2344,17.7598150892,-0.666148781173,17.7763273862,-298.958870522
2345,17.7617899693,-0.666758125308,17.7783134567,-299.033170703
2346,17.7637507672,-0.667367557971,17.7802854232,-299.107014257
2347,17.7656974795,-0.667977078702,17.7822432821,-299.180401069
2348,17.7676301026,-0.668586687038,17.7841870298,-299.253331027
2349,17.7695486332,-0.669196382516,17.7861166631,-299.325804017
2350,17.7714530678,-0.669806164674,17.7880321782,-299.397819927
2351,17.7733434029,-0.670416033048,17.7899335719,-299.469378646
2352,17.7752196353,-0.671025987176,17.7918208406,-299.540480062
2353,17.7770817615,-0.671636026594,17.7936939811,-299.611124067
2354,17.7789297783,-0.67224615084,17.7955529898,-299.681310549
2355,17.7807636822,-0.672856359449,17.7973978636,-299.751039402
2356,17.78258347,-0.673466651959,17.7992285989,-299.820310516
2357,17.7843891384,-0.674077027905,17.8010451925,-299.889123784
2358,17.7861806843,-0.674687486825,17.8028476412,-299.957479101
2359,17.7879581042,-0.675298028253,17.8046359416,-300.02537636
2360,17.7897213951,-0.675908651726,17.8064100905,-300.092815455
2361,17.7914705537,-0.676519356781,17.8081700846,-300.159796283
2362,17.7932055769,-0.677130142951,17.8099159209,-300.22631874
2363,17.7949264615,-0.677741009774,17.811647596,-300.292382723
2364,17.7966332044,-0.678351956785,17.8133651068,-300.357988129
2365,17.7983258025,-0.678962983518,17.8150684503,-300.423134857
2366,17.8000042528,-0.67957408951,17.8167576232,-300.487822805
2367,17.8016685522,-0.680185274294,17.8184326224,-300.552051875
2368,17.8033186975,-0.680796537408,17.820093445,-300.615821965
2369,17.8049546859,-0.681407878384,17.8217400878,-300.679132978
2370,17.8065765144,-0.682019296758,17.8233725479,-300.741984815
2371,17.8081841799,-0.682630792064,17.8249908221,-300.804377379
2372,17.8097776795,-0.683242363838,17.8265949076,-300.866310573
2373,17.8113570103,-0.683854011613,17.8281848013,-300.927784302
2374,17.8129221693,-0.684465734924,17.8297605004,-300.988798469
2375,17.8144731538,-0.685077533304,17.8313220019,-301.049352981
2376,17.8160099608,-0.685689406288,17.8328693028,-301.109447744
2377,17.8175325876,-0.68630135341,17.8344024004,-301.169082663
2378,17.8190410312,-0.686913374204,17.8359212917,-301.228257648
2379,17.8205352889,-0.687525468202,17.837425974,-301.286972606
2380,17.8220153579,-0.68813763494,17.8389164444,-301.345227446
2381,17.8234812355,-0.68874987395,17.8403927001,-301.403022078
2382,17.8249329189,-0.689362184765,17.8418547384,-301.460356413
2383,17.8263704054,-0.68997456692,17.8433025565,-301.51723036
2384,17.8277936924,-0.690587019946,17.8447361517,-301.573643833
2385,17.8292027771,-0.691199543378,17.8461555213,-301.629596744
2386,17.830597657,-0.691812136748,17.8475606626,-301.685089006
2387,17.8319783294,-0.692424799588,17.848951573,-301.740120532
2388,17.8333447917,-0.693037531432,17.8503282497,-301.794691238
2389,17.8346970413,-0.693650331812,17.8516906903,-301.848801039
2390,17.8360350757,-0.694263200261,17.8530388921,-301.90244985
2391,17.8373588924,-0.694876136311,17.8543728525,-301.95563759
2392,17.8386684888,-0.695489139494,17.855692569,-302.008364174
2393,17.8399638624,-0.696102209342,17.8569980391,-302.060629522
2394,17.8412450108,-0.696715345388,17.8582892602,-302.112433552
2395,17.8425119316,-0.697328547164,17.8595662299,-302.163776184
2396,17.8437646222,-0.697941814201,17.8608289457,-302.214657338
2397,17.8450030804,-0.698555146031,17.8620774052,-302.265076936
2398,17.8462273037,-0.699168542186,17.863311606,-302.315034898
2399,17.8474372898,-0.699782002198,17.8645315456,-302.364531147
2400,17.8486330362,-0.700395525597,17.8657372216,-302.413565607
2401,17.8498145409,-0.701009111916,17.8669286319,-302.462138202
2402,17.8509818013,-0.701622760686,17.8681057739,-302.510248855
2403,17.8521348153,-0.702236471437,17.8692686454,-302.557897493
2404,17.8532735806,-0.702850243701,17.8704172442,-302.605084041
2405,17.8543980949,-0.703464077009,17.8715515679,-302.651808425
2406,17.8555083562,-0.704077970892,17.8726716142,-302.698070574
2407,17.8566043621,-0.704691924881,17.8737773811,-302.743870416
2408,17.8576861106,-0.705305938505,17.8748688663,-302.789207879
2409,17.8587535994,-0.705920011297,17.8759460676,-302.834082893
2410,17.8598068265,-0.706534142786,17.8770089828,-302.878495387
2411,17.8608457898,-0.707148332504,17.8780576099,-302.922445294
2412,17.8618704873,-0.707762579979,17.8790919466,-302.965932545
2413,17.8628809167,-0.708376884743,17.880111991,-303.008957072
2414,17.8638770762,-0.708991246326,17.881117741,-303.051518808
2415,17.8648589637,-0.709605664258,17.8821091945,-303.093617688
2416,17.8658265772,-0.710220138069,17.8830863494,-303.135253645
2417,17.8667799148,-0.710834667288,17.8840492039,-303.176426614
2418,17.8677189746,-0.711449251446,17.8849977559,-303.217136533
2419,17.8686437545,-0.712063890073,17.8859320035,-303.257383337
2420,17.8695542527,-0.712678582697,17.8868519446,-303.297166964
2421,17.8704504674,-0.713293328849,17.8877575775,-303.336487352
2422,17.8713323967,-0.713908128058,17.8886489002,-303.37534444
2423,17.8722000387,-0.714522979854,17.8895259109,-303.413738167
2424,17.8730533916,-0.715137883766,17.8903886077,-303.451668473
2425,17.8738924537,-0.715752839322,17.8912369887,-303.4891353
2426,17.8747172232,-0.716367846054,17.8920710523,-303.52613859
2427,17.8755276983,-0.716982903488,17.8928907965,-303.562678283
2428,17.8763238773,-0.717598011155,17.8936962197,-303.598754324
2429,17.8771057586,-0.718213168584,17.8944873201,-303.634366657
2430,17.8778733404,-0.718828375302,17.895264096,-303.669515225
2431,17.878626621,-0.71944363084,17.8960265457,-303.704199975
2432,17.879365599,-0.720058934725,17.8967746675,-303.738420851
2433,17.8800902725,-0.720674286487,17.8975084598,-303.772177801
2434,17.8808006402,-0.721289685654,17.898227921,-303.805470773
2435,17.8814967003,-0.721905131755,17.8989330494,-303.838299713
2436,17.8821784513,-0.722520624317,17.8996238435,-303.870664571
2437,17.8828458918,-0.72313616287,17.9003003017,-303.902565297
2438,17.8834990201,-0.723751746941,17.9009624225,-303.93400184
2439,17.8841378349,-0.724367376059,17.9016102044,-303.964974152
2440,17.8847623347,-0.724983049752,17.9022436458,-303.995482183
2441,17.885372518,-0.725598767548,17.9028627453,-304.025525888
2442,17.8859683834,-0.726214528975,17.9034675015,-304.055105218
2443,17.8865499296,-0.726830333561,17.9040579129,-304.084220127
2444,17.8871171551,-0.727446180834,17.904633978,-304.112870571
2445,17.8876700586,-0.728062070321,17.9051956957,-304.141056503
2446,17.8882086389,-0.728678001551,17.9057430643,-304.168777881
2447,17.8887328945,-0.729293974051,17.9062760828,-304.19603466
2448,17.8892428242,-0.729909987348,17.9067947496,-304.222826798
2449,17.8897384267,-0.730526040971,17.9072990635,-304.249154253
2450,17.8902197009,-0.731142134446,17.9077890233,-304.275016985
2451,17.8906866455,-0.731758267302,17.9082646277,-304.300414951
2452,17.8911392592,-0.732374439065,17.9087258754,-304.325348113
2453,17.891577541,-0.732990649263,17.9091727653,-304.349816432
2454,17.8920014897,-0.733606897423,17.9096052962,-304.373819869
2455,17.8924111041,-0.734223183072,17.9100234669,-304.397358387
2456,17.8928063831,-0.734839505738,17.9104272763,-304.420431948
2457,17.8931873258,-0.735455864947,17.9108167232,-304.443040517
2458,17.8935539309,-0.736072260226,17.9111918065,-304.465184057
2459,17.8939061975,-0.736688691103,17.9115525253,-304.486862535
2460,17.8942441245,-0.737305157105,17.9118988783,-304.508075916
2461,17.894567711,-0.737921657757,17.9122308647,-304.528824166
2462,17.8948769559,-0.738538192588,17.9125484834,-304.549107254
2463,17.8951718584,-0.739154761124,17.9128517334,-304.568925147
2464,17.8954524175,-0.739771362891,17.9131406137,-304.588277814
2465,17.8957186322,-0.740387997416,17.9134151234,-304.607165225
2466,17.8959705018,-0.741004664226,17.9136752616,-304.625587349
2467,17.8962080253,-0.741621362847,17.9139210273,-304.643544158
2468,17.8964312019,-0.742238092806,17.9141524198,-304.661035623
2469,17.8966400308,-0.742854853629,17.9143694382,-304.678061717
2470,17.8968345112,-0.743471644843,17.9145720815,-304.694622413
2471,17.8970146424,-0.744088465974,17.9147603491,-304.710717685
2472,17.8971804234,-0.744705316548,17.9149342401,-304.726347507
2473,17.8973318537,-0.745322196091,17.9150937538,-304.741511854
2474,17.8974689326,-0.745939104131,17.9152388894,-304.756210702
2475,17.8975916592,-0.746556040192,17.9153696461,-304.770444029
2476,17.8977000331,-0.747173003802,17.9154860234,-304.784211811
2477,17.8977940534,-0.747789994486,17.9155880206,-304.797514026
2478,17.8978737197,-0.74840701177,17.9156756368,-304.810350654
2479,17.8979390313,-0.74902405518,17.9157488717,-304.822721674
2480,17.8979899876,-0.749641124242,17.9158077244,-304.834627066
2481,17.8980265882,-0.750258218483,17.9158521945,-304.846066811
2482,17.8980488323,-0.750875337428,17.9158822814,-304.857040891
2483,17.8980567197,-0.751492480602,17.9158979845,-304.867549289
2484,17.8980502496,-0.752109647533,17.9158993033,-304.877591986
2485,17.8980294218,-0.752726837744,17.9158862374,-304.887168968
2486,17.8979942357,-0.753344050763,17.9158587861,-304.896280218
2487,17.897944691,-0.753961286115,17.9158169492,-304.904925723
2488,17.8978807872,-0.754578543326,17.9157607261,-304.913105467
2489,17.8978025239,-0.755195821921,17.9156901164,-304.920819438
2490,17.8977099008,-0.755813121425,17.9156051198,-304.928067624
2491,17.8976029176,-0.756430441365,17.9155057358,-304.934850011
2492,17.897481574,-0.757047781267,17.9153919642,-304.94116659
2493,17.8973458696,-0.757665140654,17.9152638046,-304.947017349
2494,17.8971958042,-0.758282519054,17.9151212568,-304.952402279
2495,17.8970313776,-0.758899915991,17.9149643203,-304.957321371
2496,17.8968525895,-0.759517330991,17.9147929951,-304.961774617
2497,17.8966594397,-0.760134763579,17.9146072807,-304.965762009
2498,17.8964519281,-0.76075221328,17.9144071772,-304.96928354
2499,17.8962300545,-0.761369679621,17.9141926841,-304.972339204
2500,17.8959938188,-0.761987162126,17.9139638015,-304.974928996
2501,17.8957432208,-0.762604660321,17.9137205291,-304.97705291
2502,17.8954782604,-0.76322217373,17.9134628668,-304.978710944
2503,17.8951989377,-0.763839701879,17.9131908145,-304.979903094
2504,17.8949052525,-0.764457244294,17.9129043721,-304.980629357
2505,17.8945972049,-0.7650748005,17.9126035396,-304.980889731
2506,17.8942747948,-0.765692370021,17.9122883169,-304.980684215
2507,17.8939380222,-0.766309952383,17.9119587041,-304.980012809
2508,17.8935868872,-0.76692754711,17.9116147011,-304.978875514
2509,17.8932213899,-0.767545153729,17.911256308,-304.977272329
2510,17.8928415303,-0.768162771765,17.9108835248,-304.975203258
2511,17.8924473086,-0.768780400741,17.9104963516,-304.972668302
2512,17.8920387248,-0.769398040184,17.9100947885,-304.969667464
2513,17.8916157792,-0.770015689618,17.9096788356,-304.966200749
2514,17.8911784719,-0.770633348569,17.9092484931,-304.962268161
2515,17.8907268031,-0.771251016562,17.9088037611,-304.957869705
2516,17.890260773,-0.77186869312,17.9083446398,-304.953005388
2517,17.889780382,-0.772486377771,17.9078711294,-304.947675216
2518,17.8892856301,-0.773104070037,17.9073832302,-304.941879197
2519,17.8887765178,-0.773721769446,17.9068809424,-304.935617339
2520,17.8882530452,-0.77433947552,17.9063642662,-304.928889651
2521,17.8877152129,-0.774957187786,17.9058332021,-304.921696142
2522,17.8871630211,-0.775574905768,17.9052877502,-304.914036823
2523,17.8865964701,-0.776192628992,17.904727911,-304.905911705
2524,17.8860155604,-0.776810356981,17.9041536848,-304.897320799
2525,17.8854202924,-0.777428089262,17.903565072,-304.888264119
2526,17.8848106666,-0.778045825359,17.9029620729,-304.878741677
2527,17.8841866834,-0.778663564796,17.9023446881,-304.868753488
2528,17.8835483432,-0.779281307099,17.901712918,-304.858299565
2529,17.8828956467,-0.779899051793,17.9010667631,-304.847379925
2530,17.8822285943,-0.780516798403,17.9004062238,-304.835994583
2531,17.8815471865,-0.781134546453,17.8997313006,-304.824143556
2532,17.880851424,-0.781752295468,17.8990419942,-304.811826862
2533,17.8801413073,-0.782370044974,17.898338305,-304.799044519
2534,17.8794168371,-0.782987794494,17.8976202337,-304.785796546
2535,17.878678014,-0.783605543555,17.8968877809,-304.772082962
2536,17.8779248387,-0.78422329168,17.8961409472,-304.757903789
2537,17.8771573118,-0.784841038395,17.8953797332,-304.743259046
2538,17.876375434,-0.785458783225,17.8946041396,-304.728148756
2539,17.8755792062,-0.786076525695,17.8938141672,-304.712572942
2540,17.8747686289,-0.786694265328,17.8930098165,-304.696531626
2541,17.8739437031,-0.787312001651,17.8921910885,-304.680024833
2542,17.8731044294,-0.787929734189,17.8913579838,-304.663052586
2543,17.8722508088,-0.788547462465,17.8905105032,-304.645614913
2544,17.871382842,-0.789165186006,17.8896486476,-304.627711838
2545,17.8705005299,-0.789782904335,17.8887724177,-304.609343389
2546,17.8696038734,-0.790400616978,17.8878818144,-304.590509593
2547,17.8686928733,-0.791018323461,17.8869768386,-304.571210479
2548,17.8677675307,-0.791636023306,17.8860574912,-304.551446074
2549,17.8668278465,-0.792253716041,17.885123773,-304.53121641
2550,17.8658738216,-0.79287140119,17.8841756851,-304.510521516
2551,17.864905457,-0.793489078277,17.8832132284,-304.489361424
2552,17.8639227538,-0.794106746827,17.8822364039,-304.467736165
2553,17.862925713,-0.794724406367,17.8812452125,-304.445645772
2554,17.8619143356,-0.79534205642,17.8802396553,-304.423090278
2555,17.8608886227,-0.795959696512,17.8792197334,-304.400069717
2556,17.8598485754,-0.796577326168,17.8781854479,-304.376584124
2557,17.8587941949,-0.797194944912,17.8771367997,-304.352633535
2558,17.8577254823,-0.797812552271,17.8760737901,-304.328217984
2559,17.8566424387,-0.798430147769,17.8749964202,-304.30333751
2560,17.8555450654,-0.799047730931,17.8739046911,-304.27799215
2561,17.8544333636,-0.799665301282,17.872798604,-304.252181942
2562,17.8533073344,-0.800282858347,17.8716781602,-304.225906925
2563,17.8521669792,-0.800900401653,17.8705433608,-304.199167139
2564,17.8510122993,-0.801517930723,17.8693942071,-304.171962623
2565,17.8498432959,-0.802135445083,17.8682307003,-304.14429342
2566,17.8486599703,-0.802752944258,17.8670528419,-304.116159572
2567,17.847462324,-0.803370427775,17.865860633,-304.08756112
2568,17.8462503582,-0.803987895157,17.864654075,-304.058498108
2569,17.8450240744,-0.80460534593,17.8634331692,-304.028970579
2570,17.843783474,-0.805222779619,17.8621979172,-303.99897858
2571,17.8425285584,-0.805840195751,17.8609483202,-303.968522155
2572,17.841259329,-0.80645759385,17.8596843796,-303.93760135
2573,17.8399757874,-0.807074973442,17.858406097,-303.906216212
2574,17.838677935,-0.807692334052,17.8571134738,-303.874366788
2575,17.8373657733,-0.808309675205,17.8558065115,-303.842053128
2576,17.836039304,-0.808926996428,17.8544852116,-303.809275279
2577,17.8346985286,-0.809544297245,17.8531495756,-303.776033292
2578,17.8333434486,-0.810161577183,17.8517996051,-303.742327217
2579,17.8319740656,-0.810778835766,17.8504353016,-303.708157106
2580,17.8305903814,-0.811396072521,17.8490566669,-303.673523009
2581,17.8291923975,-0.812013286974,17.8476637024,-303.63842498
2582,17.8277801156,-0.812630478649,17.8462564099,-303.602863072
2583,17.8263535375,-0.813247647073,17.844834791,-303.566837338
2584,17.8249126648,-0.813864791771,17.8433988474,-303.530347834
2585,17.8234574993,-0.81448191227,17.8419485808,-303.493394615
2586,17.8219880427,-0.815099008094,17.840483993,-303.455977738
2587,17.8205042968,-0.815716078771,17.8390050856,-303.418097258
2588,17.8190062635,-0.816333123825,17.8375118606,-303.379753233
2589,17.8174939446,-0.816950142783,17.8360043196,-303.340945723
2590,17.8159673419,-0.817567135172,17.8344824645,-303.301674785
2591,17.8144264572,-0.818184100516,17.8329462971,-303.261940479
2592,17.8128712926,-0.818801038342,17.8313958194,-303.221742866
2593,17.8113018499,-0.819417948176,17.8298310332,-303.181082008
2594,17.809718131,-0.820034829545,17.8282519403,-303.139957965
2595,17.8081201379,-0.820651681974,17.8266585428,-303.0983708
2596,17.8065078726,-0.82126850499,17.8250508426,-303.056320577
2597,17.8048813371,-0.821885298119,17.8234288417,-303.01380736
2598,17.8032405334,-0.822502060887,17.821792542,-302.970831213
2599,17.8015854635,-0.823118792822,17.8201419456,-302.927392201
2600,17.7999161296,-0.823735493448,17.8184770546,-302.883490391
2601,17.7982325338,-0.824352162294,17.8167978709,-302.83912585
2602,17.7965346781,-0.824968798884,17.8151043967,-302.794298645
2603,17.7948225646,-0.825585402747,17.8133966342,-302.749008844
2604,17.7930961957,-0.826201973409,17.8116745853,-302.703256517
2605,17.7913555733,-0.826818510395,17.8099382523,-302.657041732
2606,17.7896006997,-0.827435013234,17.8081876373,-302.610364561
2607,17.7878315772,-0.828051481451,17.8064227426,-302.563225074
2608,17.786048208,-0.828667914574,17.8046435703,-302.515623344
2609,17.7842505944,-0.82928431213,17.8028501227,-302.467559442
2610,17.7824387386,-0.829900673646,17.8010424021,-302.419033442
2611,17.780612643,-0.830516998647,17.7992204107,-302.370045418
2612,17.7787723098,-0.831133286663,17.7973841508,-302.320595445
2613,17.7769177416,-0.831749537219,17.7955336249,-302.270683597
2614,17.7750489405,-0.832365749844,17.7936688351,-302.220309952
2615,17.7731659091,-0.832981924063,17.791789784,-302.169474585
2616,17.7712686497,-0.833598059405,17.7898964738,-302.118177574
2617,17.7693571649,-0.834214155397,17.787988907,-302.066418998
2618,17.7674314569,-0.834830211566,17.7860670861,-302.014198935
2619,17.7654915285,-0.83544622744,17.7841310135,-301.961517465
2620,17.763537382,-0.836062202547,17.7821806916,-301.908374668
2621,17.76156902,-0.836678136413,17.7802161231,-301.854770626
2622,17.759586445,-0.837294028567,17.7782373103,-301.800705419
2623,17.7575896596,-0.837909878536,17.7762442559,-301.746179131
2624,17.7555786665,-0.838525685849,17.7742369624,-301.691191845
2625,17.7535534681,-0.839141450032,17.7722154325,-301.635743645
2626,17.7515140673,-0.839757170615,17.7701796686,-301.579834614
2627,17.7494604665,-0.840372847125,17.7681296735,-301.523464839
2628,17.7473926686,-0.840988479089,17.7660654499,-301.466634405
2629,17.7453106762,-0.841604066037,17.7639870003,-301.409343399
2630,17.7432144921,-0.842219607496,17.7618943275,-301.351591909
2631,17.7411041189,-0.842835102995,17.7597874343,-301.293380023
2632,17.7389795596,-0.843450552062,17.7576663233,-301.234707829
2633,17.7368408167,-0.844065954226,17.7555309973,-301.175575417
2634,17.7346878933,-0.844681309014,17.7533814592,-301.115982877
2635,17.7325207921,-0.845296615956,17.7512177117,-301.055930301
2636,17.7303395159,-0.84591187458,17.7490397576,-300.995417779
2637,17.7281440677,-0.846527084415,17.7468475998,-300.934445405
2638,17.7259344503,-0.84714224499,17.7446412413,-300.873013271
2639,17.7237106667,-0.847757355833,17.7424206848,-300.811121472
2640,17.7214727199,-0.848372416474,17.7401859333,-300.748770101
2641,17.7192206127,-0.848987426441,17.7379369897,-300.685959253
2642,17.7169543482,-0.849602385263,17.735673857,-300.622689026
2643,17.7146739294,-0.850217292471,17.7333965383,-300.558959515
2644,17.7123793593,-0.850832147592,17.7311050364,-300.494770818
2645,17.710070641,-0.851446950157,17.7287993544,-300.430123032
2646,17.7077477776,-0.852061699695,17.7264794955,-300.365016257
2647,17.7054107721,-0.852676395735,17.7241454625,-300.299450592
2648,17.7030596276,-0.853291037807,17.7217972587,-300.233426137
2649,17.7006943474,-0.85390562544,17.7194348871,-300.166942992
2650,17.6983149346,-0.854520158164,17.717058351,-300.100001261
2651,17.6959213923,-0.85513463551,17.7146676533,-300.032601044
2652,17.6935137238,-0.855749057007,17.7122627975,-299.964742444
2653,17.6910919323,-0.856363422184,17.7098437865,-299.896425567
2654,17.688656021,-0.856977730573,17.7074106237,-299.827650515
2655,17.6862059932,-0.857591981703,17.7049633122,-299.758417393
2656,17.6837418523,-0.858206175104,17.7025018555,-299.688726309
2657,17.6812636014,-0.858820310308,17.7000262567,-299.618577367
2658,17.6787712441,-0.859434386844,17.6975365192,-299.547970676
2659,17.6762647835,-0.860048404242,17.6950326462,-299.476906343
2660,17.6737442232,-0.860662362034,17.6925146413,-299.405384477
2661,17.6712095665,-0.861276259751,17.6899825076,-299.333405188
2662,17.6686608167,-0.861890096922,17.6874362487,-299.260968584
2663,17.6660979775,-0.862503873079,17.6848758679,-299.188074777
2664,17.6635210522,-0.863117587753,17.6823013688,-299.114723879
2665,17.6609300444,-0.863731240475,17.6797127546,-299.040916001
2666,17.6583249574,-0.864344830777,17.6771100291,-298.966651256
2667,17.655705795,-0.864958358188,17.6744931955,-298.891929759
2668,17.6530725605,-0.865571822242,17.6718622576,-298.816751622
2669,17.6504252577,-0.866185222469,17.6692172187,-298.741116961
2670,17.6477638901,-0.866798558401,17.6665580826,-298.665025892
2671,17.6450884613,-0.867411829569,17.6638848527,-298.588478531
2672,17.6423989749,-0.868025035506,17.6611975328,-298.511474995
2673,17.6396954347,-0.868638175743,17.6584961264,-298.434015401
2674,17.6369778442,-0.869251249812,17.6557806372,-298.356099869
2675,17.6342462073,-0.869864257245,17.6530510688,-298.277728517
2676,17.6315005276,-0.870477197575,17.6503074251,-298.198901466
2677,17.6287408089,-0.871090070333,17.6475497097,-298.119618835
2678,17.6259670549,-0.871702875053,17.6447779263,-298.039880746
2679,17.6231792695,-0.872315611266,17.6419920787,-297.959687322
2680,17.6203774564,-0.872928278505,17.6391921707,-297.879038684
2681,17.6175616195,-0.873540876303,17.6363782062,-297.797934955
2682,17.6147317627,-0.874153404193,17.6335501889,-297.716376261
2683,17.6118878898,-0.874765861707,17.6307081227,-297.634362726
2684,17.6090300047,-0.875378248379,17.6278520115,-297.551894475
2685,17.6061581114,-0.875990563742,17.6249818591,-297.468971634
2686,17.6032722138,-0.876602807329,17.6220976696,-297.385594331
2687,17.6003723158,-0.877214978673,17.6191994468,-297.301762693
2688,17.5974584214,-0.877827077308,17.6162871946,-297.217476847
2689,17.5945305347,-0.878439102767,17.6133609172,-297.132736924
2690,17.5915886597,-0.879051054584,17.6104206184,-297.047543052
2691,17.5886328004,-0.879662932294,17.6074663023,-296.961895362
2692,17.5856629609,-0.880274735429,17.604497973,-296.875793985
2693,17.5826791452,-0.880886463523,17.6015156345,-296.789239054
2694,17.5796813576,-0.881498116112,17.5985192909,-296.702230699
2695,17.5766696021,-0.882109692729,17.5955089464,-296.614769055
2696,17.5736438829,-0.882721192909,17.592484605,-296.526854255
2697,17.5706042042,-0.883332616186,17.5894462709,-296.438486434
2698,17.5675505702,-0.883943962094,17.5863939484,-296.349665726
2699,17.5644829851,-0.884555230169,17.5833276415,-296.260392269
2700,17.5614014531,-0.885166419945,17.5802473545,-296.170666198
2701,17.5583059785,-0.885777530957,17.5771530917,-296.080487652
2702,17.5551965656,-0.886388562741,17.5740448573,-295.989856767
2703,17.5520732187,-0.886999514832,17.5709226556,-295.898773682
2704,17.5489359421,-0.887610386764,17.5677864909,-295.807238538
2705,17.5457847402,-0.888221178073,17.5646363675,-295.715251474
2706,17.5426196174,-0.888831888296,17.5614722898,-295.622812631
2707,17.539440578,-0.889442516967,17.5582942622,-295.52992215
2708,17.5362476265,-0.890053063623,17.555102289,-295.436580174
2709,17.5330407673,-0.890663527799,17.5518963747,-295.342786845
2710,17.5298200048,-0.891273909032,17.5486765236,-295.248542307
2711,17.5265853436,-0.891884206858,17.5454427404,-295.153846705
2712,17.5233367881,-0.892494420813,17.5421950293,-295.058700183
2713,17.5200743429,-0.893104550433,17.538933395,-294.963102887
2714,17.5167980124,-0.893714595255,17.5356578419,-294.867054964
2715,17.5135078014,-0.894324554817,17.5323683746,-294.770556559
2716,17.5102037142,-0.894934428654,17.5290649977,-294.673607822
2717,17.5068857557,-0.895544216304,17.5257477157,-294.576208901
2718,17.5035539303,-0.896153917304,17.5224165332,-294.478359944
2719,17.5002082428,-0.896763531191,17.5190714549,-294.380061102
2720,17.4968486977,-0.897373057503,17.5157124855,-294.281312525
2721,17.4934752999,-0.897982495777,17.5123396295,-294.182114364
2722,17.490088054,-0.898591845551,17.5089528917,-294.082466771
2723,17.4866869647,-0.899201106362,17.5055522768,-293.982369899
2724,17.4832720369,-0.899810277749,17.5021377895,-293.881823901
2725,17.4798432752,-0.900419359249,17.4987094347,-293.78082893
2726,17.4764006845,-0.901028350402,17.495267217,-293.679385143
2727,17.4729442696,-0.901637250744,17.4918111412,-293.577492694
2728,17.4694740354,-0.902246059815,17.4883412122,-293.475151738
2729,17.4659899867,-0.902854777154,17.4848574349,-293.372362433
2730,17.4624921283,-0.903463402298,17.481359814,-293.269124937
2731,17.4589804653,-0.904071934788,17.4778483545,-293.165439407
2732,17.4554550025,-0.904680374161,17.4743230613,-293.061306002
2733,17.4519157448,-0.905288719958,17.4707839393,-292.956724881
2734,17.4483626973,-0.905896971718,17.4672309934,-292.851696206
2735,17.444795865,-0.906505128979,17.4636642286,-292.746220135
2736,17.4412152527,-0.907113191282,17.46008365,-292.640296833
2737,17.4376208657,-0.907721158167,17.4564892624,-292.533926459
2738,17.4340127089,-0.908329029174,17.4528810711,-292.427109178
2739,17.4303907873,-0.908936803842,17.4492590809,-292.319845153
2740,17.4267551062,-0.909544481711,17.445623297,-292.212134549
2741,17.4231056706,-0.910152062323,17.4419737244,-292.103977529
2742,17.4194424857,-0.910759545217,17.4383103684,-291.995374261
2743,17.4157655566,-0.911366929935,17.434633234,-291.88632491
2744,17.4120748884,-0.911974216017,17.4309423264,-291.776829643
2745,17.4083704865,-0.912581403004,17.4272376507,-291.666888629
2746,17.404652356,-0.913188490438,17.4235192123,-291.556502035
2747,17.4009205022,-0.913795477859,17.4197870162,-291.445670031
2748,17.3971749302,-0.914402364808,17.4160410678,-291.334392786
2749,17.3934156455,-0.915009150829,17.4122813723,-291.222670471
2750,17.3896426534,-0.915615835462,17.408507935,-291.110503258
2751,17.3858559591,-0.916222418249,17.4047207611,-290.997891317
2752,17.382055568,-0.916828898732,17.4009198562,-290.884834822
2753,17.3782414854,-0.917435276454,17.3971052254,-290.771333946
2754,17.3744137169,-0.918041550957,17.3932768741,-290.657388862
2755,17.3705722677,-0.918647721783,17.3894348078,-290.542999746
2756,17.3667171433,-0.919253788476,17.3855790319,-290.428166772
2757,17.3628483492,-0.919859750577,17.3817095517,-290.312890117
2758,17.3589658908,-0.92046560763,17.3778263729,-290.197169957
2759,17.3550697737,-0.921071359179,17.3739295007,-290.081006469
2760,17.3511600033,-0.921677004766,17.3700189408,-289.964399832
2761,17.3472365852,-0.922282543935,17.3660946986,-289.847350224
2762,17.343299525,-0.922887976229,17.3621567797,-289.729857824
2763,17.3393488283,-0.923493301193,17.3582051897,-289.611922813
2764,17.3353845005,-0.924098518371,17.354239934,-289.493545371
2765,17.3314065475,-0.924703627306,17.3502610184,-289.37472568
2766,17.3274149747,-0.925308627543,17.3462684485,-289.255463922
2767,17.3234097879,-0.925913518627,17.3422622299,-289.135760279
2768,17.3193909928,-0.926518300102,17.3382423682,-289.015614935
2769,17.315358595,-0.927122971513,17.3342088692,-288.895028074
2770,17.3113126003,-0.927727532405,17.3301617386,-288.773999882
2771,17.3072530145,-0.928331982323,17.3261009821,-288.652530542
2772,17.3031798433,-0.928936320812,17.3220266054,-288.530620243
2773,17.2990930924,-0.929540547418,17.3179386143,-288.408269169
2774,17.2949927678,-0.930144661687,17.3138370146,-288.28547751
2775,17.2908788752,-0.930748663165,17.3097218122,-288.162245453
2776,17.2867514206,-0.931352551397,17.3055930128,-288.038573187
2777,17.2826104097,-0.93195632593,17.3014506223,-287.914460902
2778,17.2784558484,-0.93255998631,17.2972946466,-287.789908787
2779,17.2742877428,-0.933163532084,17.2931250916,-287.664917034
2780,17.2701060986,-0.933766962798,17.2889419632,-287.539485835
2781,17.2659109219,-0.934370277999,17.2847452673,-287.413615381
2782,17.2617022187,-0.934973477235,17.2805350099,-287.287305866
2783,17.257479995,-0.935576560053,17.276311197,-287.160557482
2784,17.2532442567,-0.936179525999,17.2720738346,-287.033370426
2785,17.2489950099,-0.936782374623,17.2678229287,-286.90574489
2786,17.2447322607,-0.937385105471,17.2635584853,-286.777681072
2787,17.2404560151,-0.937987718091,17.2592805106,-286.649179167
2788,17.2361662793,-0.938590212033,17.2549890105,-286.520239373
2789,17.2318630594,-0.939192586843,17.2506839912,-286.390861887
2790,17.2275463615,-0.939794842071,17.2463654589,-286.261046907
2791,17.2232161918,-0.940396977265,17.2420334196,-286.130794632
2792,17.2188725564,-0.940998991974,17.2376878796,-286.000105263
2793,17.2145154617,-0.941600885748,17.233328845,-285.868978998
2794,17.2101449137,-0.942202658135,17.228956322,-285.737416041
2795,17.2057609188,-0.942804308686,17.2245703169,-285.605416591
2796,17.2013634833,-0.943405836949,17.2201708359,-285.472980852
2797,17.1969526133,-0.944007242474,17.2157578853,-285.340109027
2798,17.1925283153,-0.944608524812,17.2113314714,-285.206801319
2799,17.1880905955,-0.945209683513,17.2068916005,-285.073057932
2800,17.1836394603,-0.945810718127,17.2024382789,-284.938879073
2801,17.1791749161,-0.946411628204,17.197971513,-284.804264945
2802,17.1746969693,-0.947012413296,17.1934913091,-284.669215757
2803,17.1702056263,-0.947613072954,17.1889976737,-284.533731715
2804,17.1657008934,-0.948213606728,17.1844906132,-284.397813026
2805,17.1611827773,-0.948814014171,17.179970134,-284.261459899
2806,17.1566512843,-0.949414294833,17.1754362425,-284.124672544
2807,17.1521064209,-0.950014448266,17.1708889453,-283.987451169
2808,17.1475481937,-0.950614474022,17.1663282489,-283.849795986
2809,17.1429766091,-0.951214371654,17.1617541596,-283.711707204
2810,17.1383916739,-0.951814140714,17.1571666842,-283.573185038
2811,17.1337933944,-0.952413780754,17.1525658292,-283.434229697
2812,17.1291817774,-0.953013291328,17.1479516011,-283.294841396
2813,17.1245568294,-0.953612671987,17.1433240065,-283.155020349
2814,17.1199185571,-0.954211922285,17.1386830522,-283.014766769
2815,17.1152669671,-0.954811041776,17.1340287446,-282.874080872
2816,17.1106020662,-0.955410030013,17.1293610905,-282.732962874
2817,17.1059238609,-0.956008886549,17.1246800966,-282.59141299
2818,17.1012323582,-0.95660761094,17.1199857695,-282.449431439
2819,17.0965275646,-0.957206202738,17.115278116,-282.307018438
2820,17.0918094869,-0.957804661498,17.1105571429,-282.164174204
2821,17.087078132,-0.958402986775,17.1058228568,-282.020898958
2822,17.0823335066,-0.959001178124,17.1010752647,-281.877192919
2823,17.0775756176,-0.959599235099,17.0963143732,-281.733056307
2824,17.0728044717,-0.960197157256,17.0915401893,-281.588489344
2825,17.068020076,-0.96079494415,17.0867527197,-281.44349225
2826,17.0632224371,-0.961392595337,17.0819519714,-281.29806525
2827,17.0584115621,-0.961990110371,17.0771379512,-281.152208564
2828,17.0535874579,-0.962587488811,17.0723106661,-281.005922418
2829,17.0487501315,-0.963184730211,17.0674701229,-280.859207036
2830,17.0438995897,-0.963781834128,17.0626163286,-280.712062642
2831,17.0390358396,-0.964378800119,17.0577492903,-280.564489462
2832,17.0341588881,-0.96497562774,17.0528690148,-280.416487724
2833,17.0292687424,-0.96557231655,17.0479755092,-280.268057652
2834,17.0243654094,-0.966168866104,17.0430687805,-280.119199476
2835,17.0194488963,-0.96676527596,17.0381488358,-279.969913424
2836,17.01451921,-0.967361545677,17.0332156821,-279.820199724
2837,17.0095763578,-0.967957674811,17.0282693266,-279.670058607
2838,17.0046203467,-0.968553662922,17.0233097764,-279.519490301
2839,16.9996511839,-0.969149509567,17.0183370385,-279.36849504
2840,16.9946688765,-0.969745214306,17.0133511202,-279.217073053
2841,16.9896734319,-0.970340776696,17.0083520286,-279.065224574
2842,16.984664857,-0.970936196298,17.0033397709,-278.912949835
2843,16.9796431593,-0.971531472669,16.9983143543,-278.76024907
2844,16.9746083459,-0.97212660537,16.9932757861,-278.607122513
2845,16.9695604241,-0.972721593961,16.9882240735,-278.453570399
2846,16.9644994012,-0.973316438,16.9831592238,-278.299592963
2847,16.9594252845,-0.973911137049,16.9780812443,-278.145190443
2848,16.9543380814,-0.974505690667,16.9729901423,-277.990363073
2849,16.9492377991,-0.975100098416,16.9678859251,-277.835111093
2850,16.9441244451,-0.975694359856,16.9627686002,-277.67943474
2851,16.9389980267,-0.976288474547,16.9576381748,-277.523334253
2852,16.9338585514,-0.976882442052,16.9524946563,-277.366809871
2853,16.9287060266,-0.977476261932,16.9473380522,-277.209861835
2854,16.9235404597,-0.978069933748,16.94216837,-277.052490385
2855,16.9183618582,-0.978663457062,16.936985617,-276.894695764
2856,16.9131702297,-0.979256831437,16.9317898008,-276.736478212
2857,16.9079655815,-0.979850056434,16.9265809289,-276.577837972
2858,16.9027479213,-0.980443131617,16.9213590087,-276.418775289
2859,16.8975172566,-0.981036056549,16.9161240478,-276.259290405
2860,16.8922735949,-0.981628830791,16.9108760538,-276.099383566
2861,16.8870169439,-0.982221453909,16.9056150342,-275.939055017
2862,16.8817473112,-0.982813925464,16.9003409967,-275.778305005
2863,16.8764647043,-0.983406245021,16.8950539488,-275.617133774
2864,16.871169131,-0.983998412145,16.8897538982,-275.455541574
2865,16.8658605989,-0.984590426398,16.8844408525,-275.293528651
2866,16.8605391157,-0.985182287346,16.8791148195,-275.131095255
2867,16.8552046892,-0.985773994554,16.8737758068,-274.968241634
2868,16.849857327,-0.986365547586,16.8684238222,-274.804968038
2869,16.8444970369,-0.986956946007,16.8630588733,-274.641274719
2870,16.8391238266,-0.987548189383,16.857680968,-274.477161926
2871,16.833737704,-0.98813927728,16.8522901139,-274.312629912
2872,16.8283386769,-0.988730209263,16.846886319,-274.14767893
2873,16.8229267531,-0.989320984899,16.8414695911,-273.982309232
2874,16.8175019404,-0.989911603753,16.8360399378,-273.816521072
2875,16.8120642468,-0.990502065394,16.8305973673,-273.650314704
2876,16.80661368,-0.991092369386,16.8251418872,-273.483690384
2877,16.8011502481,-0.991682515299,16.8196735055,-273.316648367
2878,16.7956739589,-0.992272502698,16.8141922301,-273.14918891
2879,16.7901848204,-0.992862331151,16.808698069,-272.981312269
2880,16.7846828406,-0.993452000227,16.8031910301,-272.813018702
2881,16.7791680274,-0.994041509493,16.7976711213,-272.644308467
2882,16.7736403889,-0.994630858518,16.7921383508,-272.475181823
2883,16.7680999331,-0.99522004687,16.7865927264,-272.30563903
2884,16.762546668,-0.995809074118,16.7810342563,-272.135680348
2885,16.7569806017,-0.996397939831,16.7754629484,-271.965306037
2886,16.7514017422,-0.996986643579,16.7698788109,-271.79451636
2887,16.7458100978,-0.997575184931,16.7642818519,-271.623311577
2888,16.7402056765,-0.998163563456,16.7586720794,-271.451691952
2889,16.7345884865,-0.998751778726,16.7530495017,-271.279657748
2890,16.7289585359,-0.999339830309,16.7474141268,-271.10720923
2891,16.7233158329,-0.999927717778,16.7417659629,-270.934346661
2892,16.7176603857,-1.0005154407,16.7361050183,-270.761070307
2893,16.7119922026,-1.00110299865,16.7304313011,-270.587380434
2894,16.7063112917,-1.0016903912,16.7247448195,-270.413277308
2895,16.7006176614,-1.00227761792,16.7190455819,-270.238761197
2896,16.69491132,-1.00286467838,16.7133335965,-270.063832369
2897,16.6891922756,-1.00345157215,16.7076088716,-269.888491091
2898,16.6834605368,-1.00403829881,16.7018714154,-269.712737634
2899,16.6777161117,-1.00462485793,16.6961212364,-269.536572266
2900,16.6719590088,-1.00521124908,16.6903583429,-269.359995258
2901,16.6661892364,-1.00579747183,16.6845827432,-269.183006881
2902,16.660406803,-1.00638352576,16.6787944457,-269.005607406
2903,16.654611717,-1.00696941044,16.6729934589,-268.827797107
2904,16.6488039867,-1.00755512545,16.6671797912,-268.649576255
2905,16.6429836207,-1.00814067035,16.661353451,-268.470945125
2906,16.6371506274,-1.00872604474,16.6555144468,-268.29190399
2907,16.6313050154,-1.00931124816,16.6496627871,-268.112453125
2908,16.6254467931,-1.00989628022,16.6437984803,-267.932592805
2909,16.6195759691,-1.01048114047,16.6379215351,-267.752323307
2910,16.613692552,-1.01106582849,16.6320319599,-267.571644908
2911,16.6077965502,-1.01165034387,16.6261297634,-267.390557884
2912,16.6018879725,-1.01223468617,16.620214954,-267.209062513
2913,16.5959668274,-1.01281885498,16.6142875405,-267.027159075
2914,16.5900331236,-1.01340284986,16.6083475313,-266.844847848
2915,16.5840868697,-1.0139866704,16.6023949353,-266.662129112
2916,16.5781280743,-1.01457031617,16.596429761,-266.479003147
2917,16.5721567462,-1.01515378675,16.5904520171,-266.295470235
2918,16.5661728941,-1.01573708172,16.5844617124,-266.111530657
2919,16.5601765268,-1.01632020065,16.5784588554,-265.927184695
2920,16.5541676528,-1.01690314313,16.5724434551,-265.742432633
2921,16.5481462811,-1.01748590873,16.5664155201,-265.557274754
2922,16.5421124205,-1.01806849703,16.5603750592,-265.371711342
2923,16.5360660796,-1.01865090761,16.5543220812,-265.185742683
2924,16.5300072674,-1.01923314005,16.5482565949,-264.99936906
2925,16.5239359927,-1.01981519392,16.5421786093,-264.812590762
2926,16.5178522643,-1.02039706882,16.536088133,-264.625408073
2927,16.5117560912,-1.02097876431,16.529985175,-264.437821282
2928,16.5056474822,-1.02156027998,16.5238697442,-264.249830677
2929,16.4995264463,-1.02214161542,16.5177418495,-264.061436545
2930,16.4933929924,-1.02272277019,16.5116014998,-263.872639177
2931,16.4872471294,-1.02330374388,16.5054487042,-263.683438861
2932,16.4810888664,-1.02388453608,16.4992834714,-263.493835889
2933,16.4749182123,-1.02446514636,16.4931058106,-263.303830551
2934,16.4687351762,-1.02504557431,16.4869157308,-263.11342314
2935,16.4625397671,-1.0256258195,16.4807132409,-262.922613947
2936,16.456331994,-1.02620588153,16.4744983501,-262.731403264
2937,16.450111866,-1.02678575997,16.4682710673,-262.539791387
2938,16.4438793922,-1.02736545441,16.4620314017,-262.347778609
2939,16.4376345818,-1.02794496443,16.4557793624,-262.155365224
2940,16.4313774438,-1.02852428961,16.4495149585,-261.962551528
2941,16.4251079875,-1.02910342955,16.4432381992,-261.769337817
2942,16.4188262219,-1.02968238381,16.4369490935,-261.575724387
2943,16.4125321562,-1.03026115199,16.4306476508,-261.381711536
2944,16.4062257997,-1.03083973368,16.4243338801,-261.187299562
2945,16.3999071617,-1.03141812845,16.4180077907,-260.992488763
2946,16.3935762512,-1.0319963359,16.4116693918,-260.797279437
2947,16.3872330777,-1.0325743556,16.4053186928,-260.601671886
2948,16.3808776503,-1.03315218715,16.3989557028,-260.405666408
2949,16.3745099784,-1.03372983013,16.3925804311,-260.209263305
2950,16.3681300714,-1.03430728412,16.3861928872,-260.012462878
2951,16.3617379384,-1.03488454872,16.3797930802,-259.81526543
2952,16.355333589,-1.03546162352,16.3733810196,-259.617671263
2953,16.3489170324,-1.03603850809,16.3669567147,-259.419680681
2954,16.3424882781,-1.03661520202,16.360520175,-259.221293987
2955,16.3360473355,-1.03719170491,16.3540714097,-259.022511486
2956,16.329594214,-1.03776801635,16.3476104284,-258.823333483
2957,16.3231289231,-1.03834413592,16.3411372405,-258.623760284
2958,16.3166514722,-1.0389200632,16.3346518555,-258.423792196
2959,16.3101618709,-1.0394957978,16.3281542827,-258.223429525
2960,16.3036601285,-1.04007133929,16.3216445319,-258.022672578
2961,16.2971462548,-1.04064668728,16.3151226123,-257.821521665
2962,16.2906202591,-1.04122184134,16.3085885337,-257.619977094
2963,16.2840821511,-1.04179680107,16.3020423055,-257.418039174
2964,16.2775319404,-1.04237156606,16.2954839373,-257.215708215
2965,16.2709696365,-1.04294613591,16.2889134388,-257.012984528
2966,16.264395249,-1.04352051019,16.2823308195,-256.809868425
2967,16.2578087877,-1.04409468851,16.2757360891,-256.606360216
2968,16.2512102621,-1.04466867046,16.2691292571,-256.402460215
2969,16.244599682,-1.04524245563,16.2625103334,-256.198168735
2970,16.237977057,-1.0458160436,16.2558793275,-255.993486088
2971,16.2313423969,-1.04638943398,16.2492362492,-255.78841259
2972,16.2246957113,-1.04696262636,16.2425811083,-255.582948556
2973,16.2180370101,-1.04753562032,16.2359139143,-255.3770943
2974,16.2113663029,-1.04810841547,16.2292346772,-255.170850138
2975,16.2046835996,-1.0486810114,16.2225434067,-254.964216388
2976,16.19798891,-1.0492534077,16.2158401125,-254.757193367
2977,16.1912822439,-1.04982560396,16.2091248046,-254.549781392
2978,16.1845636111,-1.05039759979,16.2023974927,-254.341980782
2979,16.1778330216,-1.05096939477,16.1956581867,-254.133791857
2980,16.1710904851,-1.05154098851,16.1889068964,-253.925214934
2981,16.1643360116,-1.0521123806,16.1821436319,-253.716250336
2982,16.157569611,-1.05268357063,16.1753684029,-253.506898382
2983,16.1507912932,-1.0532545582,16.1685812194,-253.297159395
2984,16.1440010682,-1.05382534291,16.1617820913,-253.087033695
2985,16.137198946,-1.05439592435,16.1549710287,-252.876521607
2986,16.1303849365,-1.05496630213,16.1481480414,-252.665623452
2987,16.1235590497,-1.05553647584,16.1413131396,-252.454339555
2988,16.1167212957,-1.05610644507,16.1344663331,-252.242670241
2989,16.1098716845,-1.05667620944,16.1276076321,-252.030615833
2990,16.1030102261,-1.05724576852,16.1207370467,-251.818176659
2991,16.0961369308,-1.05781512194,16.1138545868,-251.605353043
2992,16.0892518084,-1.05838426927,16.1069602626,-251.392145314
2993,16.0823548692,-1.05895321013,16.1000540842,-251.178553797
2994,16.0754461234,-1.05952194411,16.0931360617,-250.964578822
2995,16.0685255809,-1.06009047082,16.0862062053,-250.750220716
2996,16.0615932521,-1.06065878985,16.0792645251,-250.535479809
2997,16.0546491471,-1.06122690081,16.0723110313,-250.32035643
2998,16.0476932761,-1.06179480329,16.0653457342,-250.104850911
2999,16.0407256494,-1.0623624969,16.0583686439,-249.888963581
3000,16.0337462771,-1.06292998124,16.0513797707,-249.672694772
3001,16.0267551696,-1.06349725591,16.0443791248,-249.456044817
3002,16.0197523371,-1.06406432052,16.0373667165,-249.239014048
3003,16.0127377899,-1.06463117466,16.0303425562,-249.021602798
3004,16.0057115383,-1.06519781795,16.0233066541,-248.803811401
3005,15.9986735927,-1.06576424997,16.0162590205,-248.585640192
3006,15.9916239635,-1.06633047035,16.0091996658,-248.367089505
3007,15.9845626609,-1.06689647868,16.0021286004,-248.148159677
3008,15.9774896953,-1.06746227456,15.9950458346,-247.928851042
3009,15.9704050773,-1.06802785761,15.9879513789,-247.709163939
3010,15.9633088171,-1.06859322742,15.9808452436,-247.489098704
3011,15.9562009253,-1.06915838361,15.9737274393,-247.268655676
3012,15.9490814123,-1.06972332577,15.9665979763,-247.047835192
3013,15.9419502886,-1.07028805352,15.9594568652,-246.826637593
3014,15.9348075646,-1.07085256645,15.9523041164,-246.605063217
3015,15.9276532509,-1.07141686419,15.9451397404,-246.383112405
3016,15.920487358,-1.07198094632,15.9379637477,-246.160785497
3017,15.9133098965,-1.07254481247,15.930776149,-245.938082836
3018,15.9061208769,-1.07310846224,15.9235769548,-245.715004763
3019,15.8989203098,-1.07367189524,15.9163661756,-245.49155162
3020,15.8917082058,-1.07423511107,15.9091438221,-245.267723751
3021,15.8844845755,-1.07479810934,15.9019099048,-245.0435215
3022,15.8772494296,-1.07536088967,15.8946644345,-244.818945211
3023,15.8700027787,-1.07592345167,15.8874074217,-244.593995228
3024,15.8627446335,-1.07648579493,15.8801388771,-244.368671898
3025,15.8554750046,-1.07704791908,15.8728588114,-244.142975565
3026,15.8481939029,-1.07760982372,15.8655672354,-243.916906578
3027,15.8409013389,-1.07817150847,15.8582641597,-243.690465282
3028,15.8335973236,-1.07873297293,15.8509495951,-243.463652026
3029,15.8262818675,-1.07929421672,15.8436235523,-243.236467158
3030,15.8189549815,-1.07985523945,15.8362860421,-243.008911027
3031,15.8116166764,-1.08041604073,15.8289370754,-242.780983982
3032,15.804266963,-1.08097662017,15.8215766629,-242.552686374
3033,15.7969058521,-1.08153697739,15.8142048154,-242.324018552
3034,15.7895333546,-1.08209711199,15.8068215438,-242.094980869
3035,15.7821494813,-1.0826570236,15.799426859,-241.865573676
3036,15.7747542432,-1.08321671183,15.7920207718,-241.635797324
3037,15.7673476511,-1.08377617629,15.7846032932,-241.405652168
3038,15.7599297159,-1.08433541659,15.7771744341,-241.175138561
3039,15.7525004486,-1.08489443235,15.7697342053,-240.944256856
3040,15.7450598601,-1.08545322319,15.7622826179,-240.713007408
3041,15.7376079614,-1.08601178872,15.7548196828,-240.481390572
3042,15.7301447636,-1.08657012855,15.747345411,-240.249406705
3043,15.7226702775,-1.08712824231,15.7398598136,-240.017056161
3044,15.7151845142,-1.08768612961,15.7323629014,-239.784339299
3045,15.7076874848,-1.08824379007,15.7248546857,-239.551256475
3046,15.7001792003,-1.0888012233,15.7173351773,-239.317808048
3047,15.6926596717,-1.08935842892,15.7098043875,-239.083994376
3048,15.6851289103,-1.08991540655,15.7022623273,-238.849815817
3049,15.677586927,-1.09047215581,15.6947090077,-238.615272733
3050,15.6700337331,-1.09102867632,15.68714444,-238.380365483
3051,15.6624693396,-1.09158496769,15.6795686353,-238.145094427
3052,15.6548937577,-1.09214102955,15.6719816047,-237.909459927
3053,15.6473069986,-1.09269686151,15.6643833594,-237.673462346
3054,15.6397090735,-1.0932524632,15.6567739106,-237.437102045
3055,15.6320999936,-1.09380783423,15.6491532695,-237.200379387
3056,15.6244797702,-1.09436297423,15.6415214474,-236.963294736
3057,15.6168484144,-1.09491788282,15.6338784555,-236.725848457
3058,15.6092059375,-1.09547255962,15.6262243051,-236.488040913
3059,15.6015523509,-1.09602700425,15.6185590074,-236.249872471
3060,15.5938876658,-1.09658121633,15.6108825737,-236.011343495
3061,15.5862118935,-1.09713519549,15.6031950154,-235.772454353
3062,15.5785250454,-1.09768894134,15.5954963438,-235.533205411
3063,15.5708271328,-1.09824245352,15.5877865702,-235.293597036
3064,15.5631181671,-1.09879573165,15.580065706,-235.053629597
3065,15.5553981596,-1.09934877535,15.5723337626,-234.813303463
3066,15.5476671218,-1.09990158424,15.5645907514,-234.572619002
3067,15.5399250651,-1.10045415795,15.5568366839,-234.331576583
3068,15.5321720009,-1.1010064961,15.5490715713,-234.090176578
3069,15.5244079407,-1.10155859832,15.5412954253,-233.848419357
3070,15.5166328959,-1.10211046424,15.5335082572,-233.606305292
3071,15.508846878,-1.10266209349,15.5257100786,-233.363834753
3072,15.5010498986,-1.10321348568,15.517900901,-233.121008115
3073,15.4932419691,-1.10376464044,15.5100807358,-232.877825749
3074,15.485423101,-1.10431555741,15.5022495946,-232.634288029
3075,15.477593306,-1.10486623621,15.494407489,-232.390395329
3076,15.4697525955,-1.10541667647,15.4865544306,-232.146148024
3077,15.4619009813,-1.10596687782,15.4786904309,-231.901546489
3078,15.4540384748,-1.10651683988,15.4708155015,-231.6565911
3079,15.4461650877,-1.10706656228,15.462929654,-231.411282233
3080,15.4382808317,-1.10761604466,15.4550329002,-231.165620264
3081,15.4303857184,-1.10816528665,15.4471252516,-230.919605572
3082,15.4224797594,-1.10871428787,15.4392067199,-230.673238533
3083,15.4145629664,-1.10926304795,15.4312773169,-230.426519527
3084,15.4066353512,-1.10981156654,15.4233370541,-230.179448932
3085,15.3986969255,-1.11035984325,15.4153859434,-229.932027128
3086,15.390747701,-1.11090787771,15.4074239964,-229.684254495
3087,15.3827876894,-1.11145566957,15.399451225,-229.436131414
3088,15.3748169025,-1.11200321846,15.3914676409,-229.187658265
3089,15.3668353522,-1.112550524,15.3834732559,-228.938835431
3090,15.3588430501,-1.11309758583,15.3754680817,-228.689663293
3091,15.3508400082,-1.11364440359,15.3674521303,-228.440142234
3092,15.3428262383,-1.1141909769,15.3594254135,-228.190272638
3093,15.3348017522,-1.11473730541,15.351387943,-227.940054888
3094,15.3267665617,-1.11528338874,15.3433397308,-227.689489368
3095,15.3187206789,-1.11582922653,15.3352807889,-227.438576465
3096,15.3106641155,-1.11637481842,15.3272111289,-227.187316562
3097,15.3025968835,-1.11692016405,15.319130763,-226.935710047
3098,15.2945189948,-1.11746526304,15.311039703,-226.683757304
3099,15.2864304614,-1.11801011504,15.3029379609,-226.431458723
3100,15.2783312952,-1.11855471969,15.2948255487,-226.178814689
3101,15.2702215083,-1.11909907661,15.2867024783,-225.925825592
3102,15.2621011126,-1.11964318546,15.2785687618,-225.672491819
3103,15.2539701201,-1.12018704586,15.2704244111,-225.41881376
3104,15.2458285429,-1.12073065745,15.2622694383,-225.164791805
3105,15.237676393,-1.12127401988,15.2541038555,-224.910426344
3106,15.2295136825,-1.12181713278,15.2459276748,-224.655717767
3107,15.2213404235,-1.1223599958,15.2377409081,-224.400666466
3108,15.213156628,-1.12290260857,15.2295435677,-224.145272833
3109,15.2049623082,-1.12344497073,15.2213356656,-223.889537259
3110,15.1967574762,-1.12398708193,15.2131172139,-223.633460139
3111,15.1885421442,-1.1245289418,15.2048882249,-223.377041864
3112,15.1803163242,-1.12507054999,15.1966487107,-223.12028283
3113,15.1720800286,-1.12561190614,15.1883986834,-222.86318343
3114,15.1638332695,-1.12615300989,15.1801381553,-222.60574406
3115,15.155576059,-1.12669386089,15.1718671386,-222.347965115
3116,15.1473084095,-1.12723445877,15.1635856455,-222.08984699
3117,15.1390303331,-1.12777480318,15.1552936882,-221.831390083
3118,15.1307418421,-1.12831489377,15.1469912791,-221.572594791
3119,15.1224429489,-1.12885473018,15.1386784304,-221.31346151
3120,15.1141336656,-1.12939431205,15.1303551544,-221.05399064
3121,15.1058140047,-1.12993363904,15.1220214634,-220.794182578
3122,15.0974839783,-1.13047271077,15.1136773697,-220.534037725
3123,15.0891435989,-1.13101152691,15.1053228857,-220.273556479
3124,15.0807928788,-1.1315500871,15.0969580238,-220.01273924
3125,15.0724318304,-1.13208839098,15.0885827963,-219.75158641
3126,15.0640604661,-1.1326264382,15.0801972156,-219.49009839
3127,15.0556787982,-1.13316422841,15.0718012941,-219.22827558
3128,15.0472868392,-1.13370176125,15.0633950443,-218.966118384
3129,15.0388846015,-1.13423903638,15.0549784785,-218.703627205
3130,15.0304720976,-1.13477605344,15.0465516093,-218.440802445
3131,15.0220493399,-1.13531281209,15.0381144491,-218.177644508
3132,15.0136163409,-1.13584931196,15.0296670104,-217.914153799
3133,15.0051731132,-1.13638555272,15.0212093056,-217.650330722
3134,14.9967196691,-1.13692153401,15.0127413475,-217.386175682
3135,14.9882560214,-1.13745725548,15.0042631483,-217.121689086
3136,14.9797821824,-1.13799271679,14.9957747208,-216.85687134
3137,14.9712981647,-1.13852791758,14.9872760774,-216.591722851
3138,14.962803981,-1.1390628575,14.9787672308,-216.326244025
3139,14.9542996438,-1.13959753622,14.9702481936,-216.060435271
3140,14.9457851658,-1.14013195338,14.9617189783,-215.794296998
3141,14.9372605595,-1.14066610863,14.9531795976,-215.527829613
3142,14.9287258375,-1.14120000163,14.9446300641,-215.261033527
3143,14.9201810127,-1.14173363204,14.9360703905,-214.99390915
3144,14.9116260975,-1.1422669995,14.9275005895,-214.726456891
3145,14.9030611047,-1.14280010367,14.9189206738,-214.458677161
3146,14.894486047,-1.14333294421,14.910330656,-214.190570373
3147,14.8859009371,-1.14386552076,14.901730549,-213.922136938
3148,14.8773057878,-1.144397833,14.8931203653,-213.653377267
3149,14.8687006117,-1.14492988057,14.8845001179,-213.384291776
3150,14.8600854217,-1.14546166313,14.8758698194,-213.114880875
3151,14.8514602305,-1.14599318034,14.8672294827,-212.845144981
3152,14.8428250509,-1.14652443186,14.8585791205,-212.575084506
3153,14.8341798957,-1.14705541733,14.8499187456,-212.304699866
3154,14.8255247778,-1.14758613643,14.8412483709,-212.033991477
3155,14.81685971,-1.14811658881,14.8325680093,-211.762959753
3156,14.8081847051,-1.14864677413,14.8238776736,-211.491605113
3157,14.799499776,-1.14917669205,14.8151773766,-211.219927972
3158,14.7908049356,-1.14970634223,14.8064671313,-210.947928747
3159,14.7821001968,-1.15023572432,14.7977469506,-210.675607858
3160,14.7733855725,-1.150764838,14.7890168474,-210.402965722
3161,14.7646610756,-1.15129368292,14.7802768346,-210.130002758
3162,14.7559267191,-1.15182225874,14.7715269252,-209.856719385
3163,14.747182516,-1.15235056513,14.7627671322,-209.583116024
3164,14.7384284791,-1.15287860174,14.7539974685,-209.309193095
3165,14.7296646216,-1.15340636825,14.7452179471,-209.034951018
3166,14.7208909564,-1.15393386431,14.7364285811,-208.760390215
3167,14.7121074965,-1.15446108958,14.7276293835,-208.485511108
3168,14.703314255,-1.15498804374,14.7188203673,-208.210314119
3169,14.6945112449,-1.15551472644,14.7100015456,-207.934799671
3170,14.6856984792,-1.15604113736,14.7011729315,-207.658968187
3171,14.6768759712,-1.15656727615,14.692334538,-207.382820092
3172,14.6680437338,-1.15709314248,14.6834863783,-207.106355808
3173,14.6592017802,-1.15761873603,14.6746284655,-206.829575762
3174,14.6503501235,-1.15814405644,14.6657608127,-206.552480378
3175,14.6414887768,-1.1586691034,14.656883433,-206.275070083
3176,14.6326177533,-1.15919387657,14.6479963397,-205.997345302
3177,14.6237370662,-1.15971837562,14.6390995459,-205.719306462
3178,14.6148467286,-1.16024260022,14.6301930648,-205.44095399
3179,14.6059467538,-1.16076655002,14.6212769096,-205.162288314
3180,14.5970371549,-1.16129022472,14.6123510936,-204.883309863
3181,14.5881179452,-1.16181362396,14.6034156299,-204.604019064
3182,14.579189138,-1.16233674743,14.5944705319,-204.324416347
3183,14.5702507465,-1.16285959479,14.5855158128,-204.044502142
3184,14.5613027839,-1.16338216572,14.5765514859,-203.764276878
3185,14.5523452636,-1.16390445989,14.5675775645,-203.483740987
3186,14.5433781989,-1.16442647696,14.5585940619,-203.202894898
3187,14.5344016031,-1.16494821661,14.5496009914,-202.921739045
3188,14.5254154894,-1.16546967851,14.5405983664,-202.640273858
3189,14.5164198714,-1.16599086234,14.5315862002,-202.358499771
3190,14.5074147622,-1.16651176777,14.5225645062,-202.076417216
3191,14.4984001754,-1.16703239447,14.5135332978,-201.794026627
3192,14.4893761243,-1.16755274212,14.5044925885,-201.511328437
3193,14.4803426222,-1.16807281039,14.4954423915,-201.228323081
3194,14.4712996827,-1.16859259896,14.4863827204,-200.945010993
3195,14.4622473191,-1.1691121075,14.4773135886,-200.66139261
3196,14.453185545,-1.16963133568,14.4682350095,-200.377468367
3197,14.4441143737,-1.1701502832,14.4591469966,-200.0932387
3198,14.4350338187,-1.17066894971,14.4500495635,-199.808704046
3199,14.4259438936,-1.1711873349,14.4409427236,-199.523864842
3200,14.4168446119,-1.17170543845,14.4318264904,-199.238721526
3201,14.407735987,-1.17222326004,14.4227008776,-198.953274536
3202,14.3986180325,-1.17274079934,14.4135658985,-198.66752431
3203,14.3894907619,-1.17325805603,14.4044215668,-198.381471288
3204,14.3803541889,-1.17377502979,14.3952678961,-198.09511591
3205,14.371208327,-1.17429172031,14.3861048999,-197.808458614
3206,14.3620531898,-1.17480812726,14.3769325919,-197.521499842
3207,14.3528887908,-1.17532425032,14.3677509857,-197.234240035
3208,14.3437151438,-1.17584008917,14.3585600948,-196.946679634
3209,14.3345322624,-1.1763556435,14.349359933,-196.65881908
3210,14.3253401601,-1.17687091299,14.340150514,-196.370658817
3211,14.3161388508,-1.17738589732,14.3309318513,-196.082199287
3212,14.3069283479,-1.17790059617,14.3217039588,-195.793440933
3213,14.2977086654,-1.17841500923,14.31246685,-195.504384199
3214,14.2884798167,-1.17892913618,14.3032205387,-195.215029529
3215,14.2792418158,-1.17944297671,14.2939650387,-194.925377369
3216,14.2699946762,-1.17995653049,14.2847003637,-194.635428161
3217,14.2607384118,-1.18046979722,14.2754265274,-194.345182354
3218,14.2514730363,-1.18098277658,14.2661435437,-194.054640392
3219,14.2421985635,-1.18149546826,14.2568514263,-193.763802721
3220,14.2329150072,-1.18200787193,14.247550189,-193.47266979
3221,14.2236223812,-1.1825199873,14.2382398457,-193.181242045
3222,14.2143206993,-1.18303181405,14.2289204101,-192.889519933
3223,14.2050099753,-1.18354335186,14.2195918962,-192.597503904
3224,14.1956902231,-1.18405460043,14.2102543177,-192.305194407
3225,14.1863614566,-1.18456555943,14.2009076886,-192.012591889
3226,14.1770236896,-1.18507622857,14.1915520228,-191.719696801
3227,14.167676936,-1.18558660753,14.182187334,-191.426509593
3228,14.1583212097,-1.186096696,14.1728136364,-191.133030716
3229,14.1489565247,-1.18660649367,14.1634309438,-190.83926062
3230,14.1395828948,-1.18711600023,14.15403927,-190.545199757
3231,14.130200334,-1.18762521538,14.1446386292,-190.250848578
3232,14.1208088563,-1.1881341388,14.1352290353,-189.956207537
3233,14.1114084756,-1.18864277019,14.1258105022,-189.661277086
3234,14.1019992059,-1.18915110924,14.1163830439,-189.366057677
3235,14.0925810612,-1.18965915564,14.1069466745,-189.070549766
3236,14.0831540556,-1.19016690909,14.097501408,-188.774753805
3237,14.073718203,-1.19067436929,14.0880472585,-188.47867025
3238,14.0642735176,-1.19118153592,14.0785842399,-188.182299556
3239,14.0548200132,-1.19168840867,14.0691123663,-187.885642177
3240,14.0453577041,-1.19219498726,14.0596316519,-187.58869857
3241,14.0358866042,-1.19270127137,14.0501421107,-187.291469191
3242,14.0264067278,-1.19320726069,14.0406437569,-186.993954497
3243,14.0169180888,-1.19371295494,14.0311366045,-186.696154945
3244,14.0074207015,-1.19421835379,14.0216206677,-186.398070993
3245,13.9979145799,-1.19472345695,14.0120959606,-186.099703098
3246,13.9883997382,-1.19522826413,14.0025624975,-185.80105172
3247,13.9788761906,-1.19573277501,13.9930202924,-185.502117317
3248,13.9693439511,-1.19623698929,13.9834693596,-185.202900349
3249,13.9598030341,-1.19674090668,13.9739097133,-184.903401275
3250,13.9502534537,-1.19724452688,13.9643413676,-184.603620556
3251,13.9406952242,-1.19774784959,13.9547643369,-184.303558652
3252,13.9311283597,-1.1982508745,13.9451786353,-184.003216025
3253,13.9215528745,-1.19875360131,13.9355842772,-183.702593136
3254,13.9119687829,-1.19925602974,13.9259812767,-183.401690448
3255,13.9023760991,-1.19975815948,13.9163696482,-183.100508421
3256,13.8927748374,-1.20025999024,13.906749406,-182.799047521
3257,13.883165012,-1.20076152172,13.8971205643,-182.497308208
3258,13.8735466374,-1.20126275361,13.8874831376,-182.195290949
3259,13.8639197278,-1.20176368563,13.8778371401,-181.892996205
3260,13.8542842976,-1.20226431749,13.8681825861,-181.590424443
3261,13.8446403611,-1.20276464888,13.8585194901,-181.287576127
3262,13.8349879326,-1.20326467951,13.8488478665,-180.984451723
3263,13.8253270266,-1.20376440908,13.8391677295,-180.681051696
3264,13.8156576573,-1.20426383732,13.8294790937,-180.377376512
3265,13.8059798393,-1.20476296391,13.8197819734,-180.073426639
3266,13.796293587,-1.20526178857,13.810076383,-179.769202543
3267,13.7865989147,-1.205760311,13.8003623371,-179.464704693
3268,13.7768958368,-1.20625853092,13.79063985,-179.159933555
3269,13.767184368,-1.20675644803,13.7809089362,-178.854889598
3270,13.7574645225,-1.20725406204,13.7711696102,-178.549573292
3271,13.7477363149,-1.20775137267,13.7614218865,-178.243985105
3272,13.7379997597,-1.20824837962,13.7516657796,-177.938125508
3273,13.7282548713,-1.20874508259,13.741901304,-177.631994969
3274,13.7185016644,-1.20924148132,13.7321284743,-177.32559396
3275,13.7087401533,-1.20973757549,13.722347305,-177.018922951
3276,13.6989703527,-1.21023336484,13.7125578106,-176.711982414
3277,13.6891922771,-1.21072884906,13.7027600058,-176.40477282
3278,13.6794059411,-1.21122402788,13.692953905,-176.097294643
3279,13.6696113593,-1.211718901,13.683139523,-175.789548353
3280,13.6598085462,-1.21221346814,13.6733168742,-175.481534425
3281,13.6499975164,-1.21270772902,13.6634859734,-175.173253331
3282,13.6401782846,-1.21320168334,13.6536468352,-174.864705545
3283,13.6303508654,-1.21369533083,13.6437994742,-174.555891542
3284,13.6205152734,-1.2141886712,13.633943905,-174.246811796
3285,13.6106715233,-1.21468170416,13.6240801424,-173.937466783
3286,13.6008196297,-1.21517442944,13.6142082011,-173.627856977
3287,13.5909596074,-1.21566684675,13.6043280956,-173.317982854
3288,13.5810914711,-1.2161589558,13.5944398408,-173.007844891
3289,13.5712152353,-1.21665075633,13.5845434514,-172.697443565
3290,13.5613309149,-1.21714224803,13.574638942,-172.386779352
3291,13.5514385246,-1.21763343064,13.5647263275,-172.075852729
3292,13.5415380791,-1.21812430388,13.5548056226,-171.764664176
3293,13.5316295931,-1.21861486745,13.5448768421,-171.453214169
3294,13.5217130815,-1.21910512109,13.5349400007,-171.141503189
3295,13.511788559,-1.21959506452,13.5249951133,-170.829531713
3296,13.5018560405,-1.22008469745,13.5150421947,-170.517300221
3297,13.4919155406,-1.22057401961,13.5050812596,-170.204809194
3298,13.4819670742,-1.22106303072,13.495112323,-169.89205911
3299,13.4720106563,-1.2215517305,13.4851353997,-169.579050452
3300,13.4620463015,-1.22204011868,13.4751505045,-169.265783701
3301,13.4520740247,-1.22252819499,13.4651576523,-168.952259337
3302,13.4420938409,-1.22301595913,13.455156858,-168.638477842
3303,13.4321057648,-1.22350341085,13.4451481364,-168.324439699
3304,13.4221098115,-1.22399054986,13.4351315026,-168.010145391
3305,13.4121059957,-1.2244773759,13.4251069714,-167.6955954
3306,13.4020943323,-1.22496388868,13.4150745577,-167.38079021
3307,13.3920748365,-1.22545008793,13.4050342765,-167.065730305
3308,13.3820475229,-1.22593597339,13.3949861427,-166.750416169
3309,13.3720124067,-1.22642154478,13.3849301714,-166.434848287
3310,13.3619695027,-1.22690680182,13.3748663775,-166.119027143
3311,13.351918826,-1.22739174425,13.3647947759,-165.802953224
3312,13.3418603914,-1.22787637179,13.3547153818,-165.486627015
3313,13.3317942141,-1.22836068418,13.3446282101,-165.170049001
3314,13.321720309,-1.22884468115,13.3345332758,-164.853219671
3315,13.3116386912,-1.22932836242,13.324430594,-164.53613951
3316,13.3015493757,-1.22981172772,13.3143201797,-164.218809006
3317,13.2914523774,-1.2302947768,13.304202048,-163.901228647
3318,13.2813477116,-1.23077750937,13.294076214,-163.58339892
3319,13.2712353932,-1.23125992518,13.2839426928,-163.265320316
3320,13.2611154373,-1.23174202395,13.2738014995,-162.946993321
3321,13.250987859,-1.23222380543,13.2636526491,-162.628418426
3322,13.2408526735,-1.23270526933,13.2534961568,-162.30959612
3323,13.2307098958,-1.23318641541,13.2433320378,-161.990526894
3324,13.2205595411,-1.23366724339,13.2331603071,-161.671211237
3325,13.2104016245,-1.234147753,13.2229809801,-161.351649641
3326,13.2002361611,-1.234627944,13.2127940717,-161.031842596
3327,13.1900631661,-1.2351078161,13.2025995972,-160.711790595
3328,13.1798826548,-1.23558736905,13.1923975718,-160.391494128
3329,13.1696946422,-1.23606660258,13.1821880108,-160.070953689
3330,13.1594991435,-1.23654551644,13.1719709292,-159.750169771
3331,13.1492961741,-1.23702411037,13.1617463424,-159.429142865
3332,13.139085749,-1.23750238409,13.1515142656,-159.107873466
3333,13.1288678836,-1.23798033735,13.1412747141,-158.786362068
3334,13.118642593,-1.23845796989,13.131027703,-158.464609164
3335,13.1084098926,-1.23893528146,13.1207732477,-158.142615249
3336,13.0981697975,-1.23941227178,13.1105113635,-157.820380819
3337,13.0879223232,-1.23988894061,13.1002420657,-157.497906368
3338,13.0776674847,-1.24036528768,13.0899653695,-157.175192392
3339,13.0674052975,-1.24084131274,13.0796812904,-156.852239387
3340,13.0571357769,-1.24131701553,13.0693898436,-156.52904785
3341,13.0468589382,-1.24179239579,13.0590910444,-156.205618277
3342,13.0365747967,-1.24226745327,13.0487849083,-155.881951165
3343,13.0262833677,-1.24274218772,13.0384714506,-155.558047012
3344,13.0159846666,-1.24321659886,13.0281506867,-155.233906317
3345,13.0056787089,-1.24369068647,13.0178226319,-154.909529576
3346,12.9953655098,-1.24416445026,13.0074873017,-154.584917289
3347,12.9850450847,-1.24463789001,12.9971447115,-154.260069954
3348,12.9747174491,-1.24511100544,12.9867948767,-153.934988072
3349,12.9643826183,-1.24558379631,12.9764378127,-153.609672141
3350,12.9540406079,-1.24605626237,12.966073535,-153.284122661
3351,12.9436914331,-1.24652840336,12.955702059,-152.958340134
3352,12.9333351095,-1.24700021904,12.9453234002,-152.63232506
3353,12.9229716525,-1.24747170915,12.9349375742,-152.306077939
3354,12.9126010776,-1.24794287344,12.9245445962,-151.979599274
3355,12.9022234003,-1.24841371167,12.914144482,-151.652889567
3356,12.891838636,-1.24888422357,12.903737247,-151.325949318
3357,12.8814468002,-1.24935440892,12.8933229066,-150.998779032
3358,12.8710479085,-1.24982426745,12.8829014765,-150.671379211
3359,12.8606419764,-1.25029379892,12.8724729722,-150.343750358
3360,12.8502290194,-1.25076300308,12.8620374092,-150.015892977
3361,12.839809053,-1.25123187969,12.8515948032,-149.687807572
3362,12.8293820929,-1.2517004285,12.8411451696,-149.359494646
3363,12.8189481545,-1.25216864927,12.8306885241,-149.030954706
3364,12.8085072534,-1.25263654174,12.8202248822,-148.702188255
3365,12.7980594053,-1.25310410567,12.8097542596,-148.3731958
3366,12.7876046256,-1.25357134083,12.799276672,-148.043977845
3367,12.7771429301,-1.25403824696,12.7887921349,-147.714534897
3368,12.7666743344,-1.25450482383,12.7783006639,-147.384867463
3369,12.756198854,-1.25497107119,12.7678022748,-147.054976048
3370,12.7457165047,-1.25543698879,12.7572969831,-146.724861161
3371,12.735227302,-1.25590257641,12.7467848046,-146.394523309
3372,12.7247312616,-1.25636783379,12.736265755,-146.063962999
3373,12.7142283992,-1.25683276069,12.7257398499,-145.733180739
3374,12.7037187305,-1.25729735689,12.715207105,-145.402177039
3375,12.6932022711,-1.25776162212,12.7046675362,-145.070952406
3376,12.6826790368,-1.25822555617,12.694121159,-144.739507351
3377,12.6721490433,-1.25868915878,12.6835679892,-144.407842382
3378,12.6616123063,-1.25915242973,12.6730080426,-144.075958009
3379,12.6510688415,-1.25961536876,12.6624413349,-143.743854743
3380,12.6405186647,-1.26007797566,12.651867882,-143.411533094
3381,12.6299617916,-1.26054025017,12.6412876995,-143.078993572
3382,12.619398238,-1.26100219207,12.6307008033,-142.74623669
3383,12.6088280197,-1.26146380111,12.6201072091,-142.413262958
3384,12.5982511524,-1.26192507707,12.6095069329,-142.080072889
3385,12.587667652,-1.26238601971,12.5988999903,-141.746666995
3386,12.5770775342,-1.26284662879,12.5882863972,-141.413045787
3387,12.5664808148,-1.26330690408,12.5776661696,-141.07920978
3388,12.5558775098,-1.26376684536,12.5670393231,-140.745159485
3389,12.5452676349,-1.26422645237,12.5564058737,-140.410895418
3390,12.5346512059,-1.26468572491,12.5457658373,-140.076418091
3391,12.5240282388,-1.26514466272,12.5351192297,-139.741728018
3392,12.5133987494,-1.26560326559,12.5244660669,-139.406825715
3393,12.5027627535,-1.26606153328,12.5138063646,-139.071711696
3394,12.492120267,-1.26651946557,12.5031401389,-138.736386476
3395,12.481471306,-1.26697706221,12.4924674057,-138.400850571
3396,12.4708158861,-1.26743432299,12.4817881809,-138.065104496
3397,12.4601540235,-1.26789124768,12.4711024804,-137.729148768
3398,12.4494857339,-1.26834783604,12.4604103201,-137.392983902
3399,12.4388110333,-1.26880408785,12.4497117162,-137.056610417
3400,12.4281299378,-1.26926000289,12.4390066844,-136.720028829
3401,12.4174424631,-1.26971558093,12.4282952409,-136.383239654
3402,12.4067486253,-1.27017082174,12.4175774015,-136.046243412
3403,12.3960484404,-1.2706257251,12.4068531823,-135.70904062
3404,12.3853419244,-1.27108029077,12.3961225994,-135.371631797
3405,12.3746290932,-1.27153451855,12.3853856687,-135.034017461
3406,12.3639099628,-1.2719884082,12.3746424062,-134.696198131
3407,12.3531845493,-1.27244195951,12.363892828,-134.358174326
3408,12.3424528687,-1.27289517224,12.3531369502,-134.019946567
3409,12.3317149369,-1.27334804618,12.3423747888,-133.681515372
3410,12.3209707702,-1.27380058111,12.3316063599,-133.342881264
3411,12.3102203844,-1.2742527768,12.3208316795,-133.004044761
3412,12.2994637958,-1.27470463304,12.3100507638,-132.665006385
3413,12.2887010202,-1.2751561496,12.2992636288,-132.325766657
3414,12.2779320739,-1.27560732626,12.2884702906,-131.986326098
3415,12.2671569729,-1.27605816281,12.2776707655,-131.646685231
3416,12.2563757333,-1.27650865903,12.2668650694,-131.306844578
3417,12.2455883712,-1.2769588147,12.2560532186,-130.96680466
3418,12.2347949028,-1.2774086296,12.2452352292,-130.626566002
3419,12.2239953441,-1.27785810352,12.2344111173,-130.286129125
3420,12.2131897113,-1.27830723624,12.2235808991,-129.945494553
3421,12.2023780206,-1.27875602754,12.2127445908,-129.60466281
3422,12.1915602881,-1.27920447721,12.2019022085,-129.26363442
3423,12.1807365299,-1.27965258503,12.1910537685,-128.922409907
3424,12.1699067623,-1.28010035079,12.180199287,-128.580989795
3425,12.1590710014,-1.28054777428,12.1693387802,-128.239374611
3426,12.1482292635,-1.28099485528,12.1584722642,-127.897564877
3427,12.1373815646,-1.28144159358,12.1475997553,-127.555561121
3428,12.1265279211,-1.28188798897,12.1367212699,-127.213363868
3429,12.1156683492,-1.28233404124,12.125836824,-126.870973644
3430,12.104802865,-1.28277975017,12.114946434,-126.528390975
3431,12.0939314848,-1.28322511556,12.1040501162,-126.185616389
3432,12.0830542249,-1.28367013719,12.0931478867,-125.842650411
3433,12.0721711016,-1.28411481486,12.082239762,-125.49949357
3434,12.061282131,-1.28455914835,12.0713257582,-125.156146393
3435,12.0503873295,-1.28500313747,12.0604058918,-124.812609407
3436,12.0394867133,-1.28544678199,12.049480179,-124.468883141
3437,12.0285802988,-1.28589008172,12.0385486361,-124.124968124
3438,12.0176681022,-1.28633303645,12.0276112795,-123.780864884
3439,12.0067501398,-1.28677564596,12.0166681254,-123.436573949
3440,11.9958264281,-1.28721791006,12.0057191904,-123.09209585
3441,11.9848969832,-1.28765982854,11.9947644906,-122.747431116
3442,11.9739618216,-1.2881014012,11.9838040426,-122.402580277
3443,11.9630209595,-1.28854262782,11.9728378626,-122.057543863
3444,11.9520744134,-1.28898350821,11.961865967,-121.712322404
3445,11.9411221996,-1.28942404217,11.9508883722,-121.366916431
3446,11.9301643344,-1.28986422949,11.9399050947,-121.021326476
3447,11.9192008343,-1.29030406996,11.9289161509,-120.675553069
3448,11.9082317157,-1.2907435634,11.9179215571,-120.329596742
3449,11.8972569948,-1.29118270959,11.9069213298,-119.983458027
3450,11.8862766883,-1.29162150834,11.8959154854,-119.637137457
3451,11.8752908123,-1.29205995945,11.8849040405,-119.290635563
3452,11.8642993835,-1.29249806271,11.8738870113,-118.943952878
3453,11.8533024182,-1.29293581794,11.8628644144,-118.597089936
3454,11.8422999328,-1.29337322492,11.8518362663,-118.250047269
3455,11.8312919438,-1.29381028347,11.8408025835,-117.902825411
3456,11.8202784677,-1.29424699338,11.8297633824,-117.555424897
3457,11.809259521,-1.29468335446,11.8187186795,-117.207846259
3458,11.79823512,-1.29511936652,11.8076684914,-116.860090033
3459,11.7872052813,-1.29555502935,11.7966128345,-116.512156753
3460,11.7761700214,-1.29599034276,11.7855517253,-116.164046954
3461,11.7651293568,-1.29642530657,11.7744851805,-115.815761171
3462,11.7540833039,-1.29685992056,11.7634132165,-115.46729994
3463,11.7430318794,-1.29729418456,11.75233585,-115.118663796
3464,11.7319750996,-1.29772809836,11.7412530973,-114.769853276
3465,11.7209129812,-1.29816166178,11.7301649752,-114.420868915
3466,11.7098455408,-1.29859487463,11.7190715002,-114.071711251
3467,11.6987727947,-1.2990277367,11.7079726888,-113.72238082
3468,11.6876947597,-1.29946024782,11.6968685577,-113.372878159
3469,11.6766114523,-1.29989240779,11.6857591234,-113.023203805
3470,11.665522889,-1.30032421642,11.6746444026,-112.673358297
3471,11.6544290864,-1.30075567353,11.6635244119,-112.323342171
3472,11.6433300611,-1.30118677891,11.6523991678,-111.973155967
3473,11.6322258297,-1.3016175324,11.6412686871,-111.622800222
3474,11.6211164089,-1.30204793379,11.6301329863,-111.272275476
3475,11.6100018152,-1.3024779829,11.6189920822,-110.921582266
3476,11.5988820652,-1.30290767955,11.6078459913,-110.570721133
3477,11.5877571756,-1.30333702355,11.5966947303,-110.219692616
3478,11.5766271631,-1.30376601471,11.5855383159,-109.868497254
3479,11.5654920442,-1.30419465285,11.5743767648,-109.517135588
3480,11.5543518356,-1.30462293779,11.5632100937,-109.165608157
3481,11.543206554,-1.30505086934,11.5520383192,-108.813915502
3482,11.532056216,-1.30547844732,11.540861458,-108.462058164
3483,11.5209008384,-1.30590567154,11.5296795269,-108.110036684
3484,11.5097404378,-1.30633254183,11.5184925426,-107.757851603
3485,11.4985750308,-1.30675905799,11.5073005218,-107.405503463
3486,11.4874046343,-1.30718521986,11.4961034813,-107.052992804
3487,11.4762292649,-1.30761102725,11.4849014377,-106.70032017
3488,11.4650489393,-1.30803647999,11.4736944078,-106.347486103
3489,11.4538636743,-1.30846157788,11.4624824084,-105.994491144
3490,11.4426734865,-1.30888632075,11.4512654563,-105.641335838
3491,11.4314783927,-1.30931070843,11.4400435682,-105.288020726
3492,11.4202784097,-1.30973474074,11.4288167608,-104.934546351
3493,11.4090735542,-1.3101584175,11.4175850511,-104.580913259
3494,11.397863843,-1.31058173853,11.4063484557,-104.227121991
3495,11.3866492929,-1.31100470366,11.3951069915,-103.873173093
3496,11.3754299205,-1.31142731271,11.3838606753,-103.519067107
3497,11.3642057427,-1.3118495655,11.3726095239,-103.16480458
3498,11.3529767763,-1.31227146187,11.3613535542,-102.810386055
3499,11.3417430382,-1.31269300164,11.3500927829,-102.455812077
3500,11.330504545,-1.31311418463,11.3388272269,-102.101083192
3501,11.3192613136,-1.31353501067,11.327556903,-101.746199945
3502,11.3080133608,-1.3139554796,11.3162818282,-101.391162882
3503,11.2967607035,-1.31437559123,11.3050020192,-101.035972548
3504,11.2855033584,-1.3147953454,11.2937174929,-100.68062949
3505,11.2742413425,-1.31521474194,11.2824282662,-100.325134254
3506,11.2629746725,-1.31563378067,11.271134356,-99.9694873858
3507,11.2517033654,-1.31605246143,11.2598357792,-99.6136894335
3508,11.240427438,-1.31647078405,11.2485325527,-99.2577409438
3509,11.2291469071,-1.31688874836,11.2372246934,-98.9016424638
3510,11.2178617897,-1.31730635419,11.2259122181,-98.5453945411
3511,11.2065721026,-1.31772360138,11.2145951439,-98.1889977235
3512,11.1952778627,-1.31814048976,11.2032734876,-97.8324525589
3513,11.1839790869,-1.31855701916,11.1919472662,-97.4757595956
3514,11.1726757921,-1.31897318941,11.1806164965,-97.118919382
3515,11.1613679952,-1.31938900036,11.1692811957,-96.7619324668
3516,11.1500557132,-1.31980445183,11.1579413805,-96.4047993989
3517,11.138738963,-1.32021954367,11.146597068,-96.0475207275
3518,11.1274177615,-1.3206342757,11.1352482752,-95.6900970017
3519,11.1160921256,-1.32104864778,11.123895019,-95.3325287713
3520,11.1047620723,-1.32146265973,11.1125373163,-94.9748165861
3521,11.0934276185,-1.32187631139,11.1011751843,-94.616960996
3522,11.0820887813,-1.3222896026,11.0898086398,-94.2589625512
3523,11.0707455775,-1.3227025332,11.0784377,-93.9008218024
3524,11.0593980241,-1.32311510304,11.0670623817,-93.5425393
3525,11.0480461382,-1.32352731194,11.055682702,-93.1841155951
3526,11.0366899367,-1.32393915976,11.0442986779,-92.8255512388
3527,11.0253294366,-1.32435064634,11.0329103266,-92.4668467823
3528,11.0139646548,-1.32476177151,11.0215176649,-92.1080027772
3529,11.0025956085,-1.32517253512,11.0101207099,-91.7490197754
3530,10.9912223146,-1.32558293701,10.9987194788,-91.3898983287
3531,10.9798447902,-1.32599297703,10.9873139884,-91.0306389894
3532,10.9684630522,-1.32640265501,10.975904256,-90.6712423099
3533,10.9570771177,-1.32681197082,10.9644902986,-90.3117088428
3534,10.9456870038,-1.32722092428,10.9530721332,-89.9520391409
3535,10.9342927274,-1.32762951525,10.941649777,-89.5922337574
3536,10.9228943057,-1.32803774358,10.9302232469,-89.2322932453
3537,10.9114917556,-1.32844560911,10.9187925602,-88.8722181582
3538,10.9000850943,-1.32885311168,10.9073577339,-88.5120090498
3539,10.8886743389,-1.32926025115,10.8959187852,-88.1516664739
3540,10.8772595063,-1.32966702737,10.884475731,-87.7911909846
3541,10.8658406138,-1.33007344019,10.8730285887,-87.4305831362
3542,10.8544176783,-1.33047948944,10.8615773752,-87.0698434832
3543,10.842990717,-1.330885175,10.8501221077,-86.7089725803
3544,10.8315597469,-1.3312904967,10.8386628034,-86.3479709823
3545,10.8201247853,-1.3316954544,10.8271994794,-85.9868392444
3546,10.8086858491,-1.33210004795,10.8157321529,-85.6255779219
3547,10.7972429556,-1.3325042772,10.804260841,-85.2641875703
3548,10.7857961218,-1.33290814201,10.7927855609,-84.9026687453
3549,10.7743453649,-1.33331164223,10.7813063297,-84.5410220027
3550,10.762890702,-1.33371477772,10.7698231646,-84.1792478987
3551,10.7514321503,-1.33411754832,10.7583360829,-83.8173469896
3552,10.7399697269,-1.3345199539,10.7468451016,-83.4553198318
3553,10.7285034489,-1.33492199431,10.735350238,-83.093166982
3554,10.7170333336,-1.33532366942,10.7238515094,-82.7308889972
3555,10.7055593981,-1.33572497906,10.7123489328,-82.3684864343
3556,10.6940816595,-1.33612592311,10.7008425255,-82.0059598507
3557,10.6826001351,-1.33652650142,10.6893323048,-81.6433098038
3558,10.6711148421,-1.33692671386,10.6778182878,-81.2805368512
3559,10.6596257976,-1.33732656027,10.6663004918,-80.9176415508
3560,10.6481330188,-1.33772604052,10.6547789341,-80.5546244607
3561,10.6366365229,-1.33812515448,10.6432536317,-80.1914861389
3562,10.6251363272,-1.33852390199,10.6317246021,-79.8282271439
3563,10.6136324488,-1.33892228294,10.6201918625,-79.4648480344
3564,10.6021249051,-1.33932029716,10.6086554301,-79.101349369
3565,10.5906137131,-1.33971794454,10.5971153222,-78.7377317068
3566,10.5790988901,-1.34011522493,10.585571556,-78.3739956068
3567,10.5675804535,-1.34051213819,10.5740241489,-78.0101416285
3568,10.5560584203,-1.3409086842,10.562473118,-77.6461703312
3569,10.5445328079,-1.34130486281,10.5509184808,-77.2820822748
3570,10.5330036335,-1.3417006739,10.5393602545,-76.917878019
3571,10.5214709144,-1.34209611732,10.5277984563,-76.5535581239
3572,10.5099346679,-1.34249119295,10.5162331037,-76.1891231498
3573,10.4983949111,-1.34288590065,10.5046642139,-75.8245736569
3574,10.4868516615,-1.34328024029,10.4930918042,-75.459910206
3575,10.4753049362,-1.34367421174,10.4815158919,-75.0951333578
3576,10.4637547525,-1.34406781487,10.4699364944,-74.7302436732
3577,10.4522011278,-1.34446104954,10.458353629,-74.3652417133
3578,10.4406440794,-1.34485391564,10.4467673131,-74.0001280394
3579,10.4290836245,-1.34524641302,10.4351775639,-73.634903213
3580,10.4175197804,-1.34563854156,10.4235843988,-73.2695677956
3581,10.4059525645,-1.34603030114,10.4119878353,-72.9041223492
3582,10.3943819941,-1.34642169162,10.4003878905,-72.5385674355
3583,10.3828080865,-1.34681271288,10.388784582,-72.1729036168
3584,10.371230859,-1.34720336479,10.377177927,-71.8071314554
3585,10.359650329,-1.34759364722,10.365567943,-71.4412515138
3586,10.3480665138,-1.34798356006,10.3539546472,-71.0752643545
3587,10.3364794308,-1.34837310317,10.3423380572,-70.7091705404
3588,10.3248890972,-1.34876227643,10.3307181903,-70.3429706345
3589,10.3132955305,-1.34915107972,10.3190950638,-69.9766651999
3590,10.301698748,-1.34953951292,10.3074686953,-69.6102547999
3591,10.2900987671,-1.3499275759,10.295839102,-69.2437399979
3592,10.2784956051,-1.35031526854,10.2842063014,-68.8771213576
3593,10.2668892794,-1.35070259072,10.272570311,-68.5103994427
3594,10.2552798075,-1.35108954231,10.260931148,-68.1435748173
3595,10.2436672066,-1.35147612321,10.24928883,-67.7766480453
3596,10.2320514941,-1.35186233329,10.2376433744,-67.409619691
3597,10.2204326875,-1.35224817243,10.2259947986,-67.0424903189
3598,10.2088108042,-1.35263364051,10.2143431201,-66.6752604936
3599,10.1971858615,-1.35301873741,10.2026883562,-66.3079307797
3600,10.1855578768,-1.35340346302,10.1910305245,-65.9405017421
